"route","audience_intent","cta_copy","position","target","solution","funnel_stage","target_type","resolved_url","strength"
"/","Declared page intent; confirm against editorial brief.","Choose a decision path ↗","text-link hero-work-link","#route-entries","In-page decision navigation","early-stage","anchor-navigation","https://hardmagic.com/#route-entries","intentional"
"/","Declared page intent; confirm against editorial brief.","Enter Horizon 2035 ↗","text-link","horizon/","Research or method path","early-stage","internal","https://hardmagic.com/horizon/","strong"
"/","Declared page intent; confirm against editorial brief.","Enterprise advisory","header-cta","contact/","Qualified consultation intake","early-stage","internal","https://hardmagic.com/contact/","strong"
"/","Declared page intent; confirm against editorial brief.","Go deeper now ↘","text-link hero-signal-link","#close","In-page decision navigation","early-stage","anchor-navigation","https://hardmagic.com/#close","intentional"
"/","Declared page intent; confirm against editorial brief.","How we engage ↗","text-link","company/operating-model/","Company context","early-stage","internal","https://hardmagic.com/company/operating-model/","strong"
"/","Declared page intent; confirm against editorial brief.","Read latest media signal notes ↗","text-link","insights/","Research or method path","early-stage","internal","https://hardmagic.com/insights/","strong"
"/","Declared page intent; confirm against editorial brief.","Read recent insights ↗","text-link","insights/","Research or method path","early-stage","internal","https://hardmagic.com/insights/","strong"
"/","Declared page intent; confirm against editorial brief.","Read the private brief library ↗","text-link","briefs/","BriefLock private delivery","early-stage","internal","https://hardmagic.com/briefs/","strong"
"/","Declared page intent; confirm against editorial brief.","See all service lines ↗","text-link","services/","Specific service solution","early-stage","internal","https://hardmagic.com/services/","strong"
"/","Declared page intent; confirm against editorial brief.","Commission the next move","button","contact/","Qualified consultation intake","primary","internal","https://hardmagic.com/contact/","strong"
"/","Declared page intent; confirm against editorial brief.","Explore the company","button dark-button","company/","Company context","primary","internal","https://hardmagic.com/company/","strong"
"/","Declared page intent; confirm against editorial brief.","Explore the full studio portfolio","button dark-button","portfolio/","Relevant experience proof","primary","internal","https://hardmagic.com/portfolio/","strong"
"/","Declared page intent; confirm against editorial brief.","See full portfolio and case approach","button dark-button","portfolio/","Relevant experience proof","primary","internal","https://hardmagic.com/portfolio/","strong"
"/","Declared page intent; confirm against editorial brief.","Start a consulting intake","button","contact/","Qualified consultation intake","primary","internal","https://hardmagic.com/contact/","strong"
"/404/","Declared page intent; confirm against editorial brief.","Enterprise advisory","header-cta","contact/","Qualified consultation intake","early-stage","internal","https://hardmagic.com/contact/","strong"
"/404/","Declared page intent; confirm against editorial brief.","Return to HardMagic","button dark-button","./","Home navigation","primary","utility-navigation","https://hardmagic.com/","intentional"
"/accessibility/","Declared page intent; confirm against editorial brief.","Enterprise advisory","header-cta","contact/","Qualified consultation intake","early-stage","internal","https://hardmagic.com/contact/","strong"
"/accessibility/","Declared page intent; confirm against editorial brief.","Review accessibility methods ↗","text-link","/methods/accessibility-as-editorial/","Research or method path","early-stage","internal","https://hardmagic.com/methods/accessibility-as-editorial/","strong"
"/accessibility/","Declared page intent; confirm against editorial brief.","Report an issue","button dark-button","/contact/","Qualified consultation intake","primary","internal","https://hardmagic.com/contact/","strong"
"/briefs/","Declared page intent; confirm against editorial brief.","Browse all eight ↓","text-link","briefs/#choose","BriefLock private delivery","early-stage","internal","https://hardmagic.com/briefs/#choose","strong"
"/briefs/","Declared page intent; confirm against editorial brief.","Enterprise advisory","header-cta","contact/","Qualified consultation intake","early-stage","internal","https://hardmagic.com/contact/","strong"
"/briefs/","Declared page intent; confirm against editorial brief.","Explore the public page ↗","text-link","briefs/generative-media-operating-system/","BriefLock private delivery","early-stage","internal","https://hardmagic.com/briefs/generative-media-operating-system/","strong"
"/briefs/","Declared page intent; confirm against editorial brief.","Explore the public page ↗","text-link","briefs/modern-media-agency-transformation-playbook/","BriefLock private delivery","early-stage","internal","https://hardmagic.com/briefs/modern-media-agency-transformation-playbook/","strong"
"/briefs/","Declared page intent; confirm against editorial brief.","Explore the public page ↗","text-link","briefs/creative-direction-after-the-prompt/","BriefLock private delivery","early-stage","internal","https://hardmagic.com/briefs/creative-direction-after-the-prompt/","strong"
"/briefs/","Declared page intent; confirm against editorial brief.","Explore the public page ↗","text-link","briefs/autonomous-web-publishing-control-plane/","BriefLock private delivery","early-stage","internal","https://hardmagic.com/briefs/autonomous-web-publishing-control-plane/","strong"
"/briefs/","Declared page intent; confirm against editorial brief.","Explore the public page ↗","text-link","briefs/provenance-ready-content-supply-chain/","BriefLock private delivery","early-stage","internal","https://hardmagic.com/briefs/provenance-ready-content-supply-chain/","strong"
"/briefs/","Declared page intent; confirm against editorial brief.","Explore the public page ↗","text-link","briefs/intelligent-media-asset-estate/","BriefLock private delivery","early-stage","internal","https://hardmagic.com/briefs/intelligent-media-asset-estate/","strong"
"/briefs/","Declared page intent; confirm against editorial brief.","Explore the public page ↗","text-link","briefs/hybrid-ai-media-infrastructure/","BriefLock private delivery","early-stage","internal","https://hardmagic.com/briefs/hybrid-ai-media-infrastructure/","strong"
"/briefs/","Declared page intent; confirm against editorial brief.","Explore the public page ↗","text-link","briefs/visual-product-development-field-guide/","BriefLock private delivery","early-stage","internal","https://hardmagic.com/briefs/visual-product-development-field-guide/","strong"
"/briefs/","Declared page intent; confirm against editorial brief.","How private delivery works ↘","text-link","briefs/#brief-lock","BriefLock private delivery","early-stage","internal","https://hardmagic.com/briefs/#brief-lock","strong"
"/briefs/","Declared page intent; confirm against editorial brief.","Bring the decision to a working session","button light","contact/","Qualified consultation intake","primary","internal","https://hardmagic.com/contact/","strong"
"/briefs/","Declared page intent; confirm against editorial brief.","Choose by decision","button","briefs/#choose","BriefLock private delivery","primary","internal","https://hardmagic.com/briefs/#choose","strong"
"/briefs/","Declared page intent; confirm against editorial brief.","Describe the decision","button","contact/","Qualified consultation intake","primary","internal","https://hardmagic.com/contact/","strong"
"/briefs/","Declared page intent; confirm against editorial brief.","Read summary & request","button dark-button","briefs/generative-media-operating-system/#request","BriefLock private delivery","primary","internal","https://hardmagic.com/briefs/generative-media-operating-system/#request","strong"
"/briefs/","Declared page intent; confirm against editorial brief.","Read summary & request","button dark-button","briefs/modern-media-agency-transformation-playbook/#request","BriefLock private delivery","primary","internal","https://hardmagic.com/briefs/modern-media-agency-transformation-playbook/#request","strong"
"/briefs/","Declared page intent; confirm against editorial brief.","Read summary & request","button dark-button","briefs/creative-direction-after-the-prompt/#request","BriefLock private delivery","primary","internal","https://hardmagic.com/briefs/creative-direction-after-the-prompt/#request","strong"
"/briefs/","Declared page intent; confirm against editorial brief.","Read summary & request","button dark-button","briefs/autonomous-web-publishing-control-plane/#request","BriefLock private delivery","primary","internal","https://hardmagic.com/briefs/autonomous-web-publishing-control-plane/#request","strong"
"/briefs/","Declared page intent; confirm against editorial brief.","Read summary & request","button dark-button","briefs/provenance-ready-content-supply-chain/#request","BriefLock private delivery","primary","internal","https://hardmagic.com/briefs/provenance-ready-content-supply-chain/#request","strong"
"/briefs/","Declared page intent; confirm against editorial brief.","Read summary & request","button dark-button","briefs/intelligent-media-asset-estate/#request","BriefLock private delivery","primary","internal","https://hardmagic.com/briefs/intelligent-media-asset-estate/#request","strong"
"/briefs/","Declared page intent; confirm against editorial brief.","Read summary & request","button dark-button","briefs/hybrid-ai-media-infrastructure/#request","BriefLock private delivery","primary","internal","https://hardmagic.com/briefs/hybrid-ai-media-infrastructure/#request","strong"
"/briefs/","Declared page intent; confirm against editorial brief.","Read summary & request","button dark-button","briefs/visual-product-development-field-guide/#request","BriefLock private delivery","primary","internal","https://hardmagic.com/briefs/visual-product-development-field-guide/#request","strong"
"/briefs/autonomous-web-publishing-control-plane/","Declared page intent; confirm against editorial brief.","Enterprise advisory","header-cta","contact/","Qualified consultation intake","early-stage","internal","https://hardmagic.com/contact/","strong"
"/briefs/autonomous-web-publishing-control-plane/","Declared page intent; confirm against editorial brief.","Deliver my private edition","form","https://briefs.hardmagic.com/api/brief-request","BriefLock private delivery","primary","application","https://briefs.hardmagic.com/api/brief-request","strong"
"/briefs/autonomous-web-publishing-control-plane/","Declared page intent; confirm against editorial brief.","Request the brief","button dark-button","briefs/autonomous-web-publishing-control-plane/#request","BriefLock private delivery","primary","internal","https://hardmagic.com/briefs/autonomous-web-publishing-control-plane/#request","strong"
"/briefs/autonomous-web-publishing-control-plane/thanks/","Declared page intent; confirm against editorial brief.","Compare the eight briefs Return to the decision library ↗","confirmation-link","briefs/","BriefLock private delivery","early-stage","internal","https://hardmagic.com/briefs/","strong"
"/briefs/autonomous-web-publishing-control-plane/thanks/","Declared page intent; confirm against editorial brief.","Enterprise advisory","header-cta","contact/","Qualified consultation intake","early-stage","internal","https://hardmagic.com/contact/","strong"
"/briefs/autonomous-web-publishing-control-plane/thanks/","Declared page intent; confirm against editorial brief.","Explore Web Magic Web Magic and web portfolio assessment ↗","confirmation-link","products/web-magic/","Product-qualified evaluation","early-stage","internal","https://hardmagic.com/products/web-magic/","strong"
"/briefs/autonomous-web-publishing-control-plane/thanks/","Declared page intent; confirm against editorial brief.","GenAI Strategy Agent controls and authorization need implementation ↗","confirmation-link","services/genai-strategy/","Specific service solution","early-stage","internal","https://hardmagic.com/services/genai-strategy/","strong"
"/briefs/autonomous-web-publishing-control-plane/thanks/","Declared page intent; confirm against editorial brief.","Marketing Consulting Content and conversion are the primary problems ↗","confirmation-link","services/marketing-consulting/","Specific service solution","early-stage","internal","https://hardmagic.com/services/marketing-consulting/","strong"
"/briefs/autonomous-web-publishing-control-plane/thanks/","Declared page intent; confirm against editorial brief.","WireMark Visual product review is the primary workflow ↗","confirmation-link","products/wiremark/","Product-qualified evaluation","early-stage","internal","https://hardmagic.com/products/wiremark/","strong"
"/briefs/autonomous-web-publishing-control-plane/thanks/","Declared page intent; confirm against editorial brief.","Bring this to a working session ↗","button","contact/","Qualified consultation intake","primary","internal","https://hardmagic.com/contact/","strong"
"/briefs/autonomous-web-publishing-control-plane/thanks/","Declared page intent; confirm against editorial brief.","Return to the public summary ↗","confirmation-summary-link","briefs/autonomous-web-publishing-control-plane/","BriefLock private delivery","utility-action","internal","https://hardmagic.com/briefs/autonomous-web-publishing-control-plane/","strong"
"/briefs/creative-direction-after-the-prompt/","Declared page intent; confirm against editorial brief.","Enterprise advisory","header-cta","contact/","Qualified consultation intake","early-stage","internal","https://hardmagic.com/contact/","strong"
"/briefs/creative-direction-after-the-prompt/","Declared page intent; confirm against editorial brief.","Deliver my private edition","form","https://briefs.hardmagic.com/api/brief-request","BriefLock private delivery","primary","application","https://briefs.hardmagic.com/api/brief-request","strong"
"/briefs/creative-direction-after-the-prompt/","Declared page intent; confirm against editorial brief.","Request the brief","button dark-button","briefs/creative-direction-after-the-prompt/#request","BriefLock private delivery","primary","internal","https://hardmagic.com/briefs/creative-direction-after-the-prompt/#request","strong"
"/briefs/creative-direction-after-the-prompt/thanks/","Declared page intent; confirm against editorial brief.","Compare the eight briefs Return to the decision library ↗","confirmation-link","briefs/","BriefLock private delivery","early-stage","internal","https://hardmagic.com/briefs/","strong"
"/briefs/creative-direction-after-the-prompt/thanks/","Declared page intent; confirm against editorial brief.","Enterprise advisory","header-cta","contact/","Qualified consultation intake","early-stage","internal","https://hardmagic.com/contact/","strong"
"/briefs/creative-direction-after-the-prompt/thanks/","Declared page intent; confirm against editorial brief.","Explore Creative Director intake Creative Director intake ↗","confirmation-link","contact/","Qualified consultation intake","early-stage","internal","https://hardmagic.com/contact/","strong"
"/briefs/creative-direction-after-the-prompt/thanks/","Declared page intent; confirm against editorial brief.","HardMagic Studio The operating workflow needs implementation ↗","confirmation-link","products/studio/","Product-qualified evaluation","early-stage","internal","https://hardmagic.com/products/studio/","strong"
"/briefs/creative-direction-after-the-prompt/thanks/","Declared page intent; confirm against editorial brief.","Marketing Consulting Positioning is unresolved ↗","confirmation-link","services/marketing-consulting/","Specific service solution","early-stage","internal","https://hardmagic.com/services/marketing-consulting/","strong"
"/briefs/creative-direction-after-the-prompt/thanks/","Declared page intent; confirm against editorial brief.","Media Management Continuity, curation, or asset governance is the primary problem ↗","confirmation-link","services/media-management/","Specific service solution","early-stage","internal","https://hardmagic.com/services/media-management/","strong"
"/briefs/creative-direction-after-the-prompt/thanks/","Declared page intent; confirm against editorial brief.","Bring this to a working session ↗","button","contact/","Qualified consultation intake","primary","internal","https://hardmagic.com/contact/","strong"
"/briefs/creative-direction-after-the-prompt/thanks/","Declared page intent; confirm against editorial brief.","Return to the public summary ↗","confirmation-summary-link","briefs/creative-direction-after-the-prompt/","BriefLock private delivery","utility-action","internal","https://hardmagic.com/briefs/creative-direction-after-the-prompt/","strong"
"/briefs/generative-media-operating-system/","Declared page intent; confirm against editorial brief.","Enterprise advisory","header-cta","contact/","Qualified consultation intake","early-stage","internal","https://hardmagic.com/contact/","strong"
"/briefs/generative-media-operating-system/","Declared page intent; confirm against editorial brief.","Deliver my private edition","form","https://briefs.hardmagic.com/api/brief-request","BriefLock private delivery","primary","application","https://briefs.hardmagic.com/api/brief-request","strong"
"/briefs/generative-media-operating-system/","Declared page intent; confirm against editorial brief.","Request the brief","button dark-button","briefs/generative-media-operating-system/#request","BriefLock private delivery","primary","internal","https://hardmagic.com/briefs/generative-media-operating-system/#request","strong"
"/briefs/generative-media-operating-system/thanks/","Declared page intent; confirm against editorial brief.","Compare the eight briefs Return to the decision library ↗","confirmation-link","briefs/","BriefLock private delivery","early-stage","internal","https://hardmagic.com/briefs/","strong"
"/briefs/generative-media-operating-system/thanks/","Declared page intent; confirm against editorial brief.","Creative Direction Creative authority is unclear ↗","confirmation-link","services/creative-direction/","Specific service solution","early-stage","internal","https://hardmagic.com/services/creative-direction/","strong"
"/briefs/generative-media-operating-system/thanks/","Declared page intent; confirm against editorial brief.","Enterprise advisory","header-cta","contact/","Qualified consultation intake","early-stage","internal","https://hardmagic.com/contact/","strong"
"/briefs/generative-media-operating-system/thanks/","Declared page intent; confirm against editorial brief.","Explore GenAI Strategy GenAI transformation and media operations ↗","confirmation-link","services/genai-strategy/","Specific service solution","early-stage","internal","https://hardmagic.com/services/genai-strategy/","strong"
"/briefs/generative-media-operating-system/thanks/","Declared page intent; confirm against editorial brief.","GPU Router Inference cost is material ↗","confirmation-link","products/gpu-router/","Product-qualified evaluation","early-stage","internal","https://hardmagic.com/products/gpu-router/","strong"
"/briefs/generative-media-operating-system/thanks/","Declared page intent; confirm against editorial brief.","HardMagic Studio Multimodal production workflow is the primary need ↗","confirmation-link","products/studio/","Product-qualified evaluation","early-stage","internal","https://hardmagic.com/products/studio/","strong"
"/briefs/generative-media-operating-system/thanks/","Declared page intent; confirm against editorial brief.","Bring this to a working session ↗","button","contact/","Qualified consultation intake","primary","internal","https://hardmagic.com/contact/","strong"
"/briefs/generative-media-operating-system/thanks/","Declared page intent; confirm against editorial brief.","Return to the public summary ↗","confirmation-summary-link","briefs/generative-media-operating-system/","BriefLock private delivery","utility-action","internal","https://hardmagic.com/briefs/generative-media-operating-system/","strong"
"/briefs/hybrid-ai-media-infrastructure/","Declared page intent; confirm against editorial brief.","Enterprise advisory","header-cta","contact/","Qualified consultation intake","early-stage","internal","https://hardmagic.com/contact/","strong"
"/briefs/hybrid-ai-media-infrastructure/","Declared page intent; confirm against editorial brief.","Deliver my private edition","form","https://briefs.hardmagic.com/api/brief-request","BriefLock private delivery","primary","application","https://briefs.hardmagic.com/api/brief-request","strong"
"/briefs/hybrid-ai-media-infrastructure/","Declared page intent; confirm against editorial brief.","Request the brief","button dark-button","briefs/hybrid-ai-media-infrastructure/#request","BriefLock private delivery","primary","internal","https://hardmagic.com/briefs/hybrid-ai-media-infrastructure/#request","strong"
"/briefs/hybrid-ai-media-infrastructure/thanks/","Declared page intent; confirm against editorial brief.","Compare the eight briefs Return to the decision library ↗","confirmation-link","briefs/","BriefLock private delivery","early-stage","internal","https://hardmagic.com/briefs/","strong"
"/briefs/hybrid-ai-media-infrastructure/thanks/","Declared page intent; confirm against editorial brief.","Enterprise advisory","header-cta","contact/","Qualified consultation intake","early-stage","internal","https://hardmagic.com/contact/","strong"
"/briefs/hybrid-ai-media-infrastructure/thanks/","Declared page intent; confirm against editorial brief.","Explore GPU Router GPU Router and AI infrastructure ↗","confirmation-link","products/gpu-router/","Product-qualified evaluation","early-stage","internal","https://hardmagic.com/products/gpu-router/","strong"
"/briefs/hybrid-ai-media-infrastructure/thanks/","Declared page intent; confirm against editorial brief.","GenAI Strategy Portfolio and operating-model decisions precede infrastructure selection ↗","confirmation-link","services/genai-strategy/","Specific service solution","early-stage","internal","https://hardmagic.com/services/genai-strategy/","strong"
"/briefs/hybrid-ai-media-infrastructure/thanks/","Declared page intent; confirm against editorial brief.","HardMagic Studio Production workflow adoption is the primary need ↗","confirmation-link","products/studio/","Product-qualified evaluation","early-stage","internal","https://hardmagic.com/products/studio/","strong"
"/briefs/hybrid-ai-media-infrastructure/thanks/","Declared page intent; confirm against editorial brief.","Security Architecture Sensitive-data boundaries dominate the decision ↗","confirmation-link","contact/","Qualified consultation intake","early-stage","internal","https://hardmagic.com/contact/","strong"
"/briefs/hybrid-ai-media-infrastructure/thanks/","Declared page intent; confirm against editorial brief.","Bring this to a working session ↗","button","contact/","Qualified consultation intake","primary","internal","https://hardmagic.com/contact/","strong"
"/briefs/hybrid-ai-media-infrastructure/thanks/","Declared page intent; confirm against editorial brief.","Return to the public summary ↗","confirmation-summary-link","briefs/hybrid-ai-media-infrastructure/","BriefLock private delivery","utility-action","internal","https://hardmagic.com/briefs/hybrid-ai-media-infrastructure/","strong"
"/briefs/intelligent-media-asset-estate/","Declared page intent; confirm against editorial brief.","Enterprise advisory","header-cta","contact/","Qualified consultation intake","early-stage","internal","https://hardmagic.com/contact/","strong"
"/briefs/intelligent-media-asset-estate/","Declared page intent; confirm against editorial brief.","Deliver my private edition","form","https://briefs.hardmagic.com/api/brief-request","BriefLock private delivery","primary","application","https://briefs.hardmagic.com/api/brief-request","strong"
"/briefs/intelligent-media-asset-estate/","Declared page intent; confirm against editorial brief.","Request the brief","button dark-button","briefs/intelligent-media-asset-estate/#request","BriefLock private delivery","primary","internal","https://hardmagic.com/briefs/intelligent-media-asset-estate/#request","strong"
"/briefs/intelligent-media-asset-estate/thanks/","Declared page intent; confirm against editorial brief.","Compare the eight briefs Return to the decision library ↗","confirmation-link","briefs/","BriefLock private delivery","early-stage","internal","https://hardmagic.com/briefs/","strong"
"/briefs/intelligent-media-asset-estate/thanks/","Declared page intent; confirm against editorial brief.","Creative Direction Editorial selection systems are the primary need ↗","confirmation-link","services/creative-direction/","Specific service solution","early-stage","internal","https://hardmagic.com/services/creative-direction/","strong"
"/briefs/intelligent-media-asset-estate/thanks/","Declared page intent; confirm against editorial brief.","Enterprise advisory","header-cta","contact/","Qualified consultation intake","early-stage","internal","https://hardmagic.com/contact/","strong"
"/briefs/intelligent-media-asset-estate/thanks/","Declared page intent; confirm against editorial brief.","Explore Media Management Media Management and Photo Curator ↗","confirmation-link","services/media-management/","Specific service solution","early-stage","internal","https://hardmagic.com/services/media-management/","strong"
"/briefs/intelligent-media-asset-estate/thanks/","Declared page intent; confirm against editorial brief.","HardMagic Studio Generated media must flow into governed libraries ↗","confirmation-link","products/studio/","Product-qualified evaluation","early-stage","internal","https://hardmagic.com/products/studio/","strong"
"/briefs/intelligent-media-asset-estate/thanks/","Declared page intent; confirm against editorial brief.","Privacy & Provenance Authenticity and lineage are the primary concerns ↗","confirmation-link","products/wiremark/privacy-provenance/","Product-qualified evaluation","early-stage","internal","https://hardmagic.com/products/wiremark/privacy-provenance/","strong"
"/briefs/intelligent-media-asset-estate/thanks/","Declared page intent; confirm against editorial brief.","Bring this to a working session ↗","button","contact/","Qualified consultation intake","primary","internal","https://hardmagic.com/contact/","strong"
"/briefs/intelligent-media-asset-estate/thanks/","Declared page intent; confirm against editorial brief.","Return to the public summary ↗","confirmation-summary-link","briefs/intelligent-media-asset-estate/","BriefLock private delivery","utility-action","internal","https://hardmagic.com/briefs/intelligent-media-asset-estate/","strong"
"/briefs/modern-media-agency-transformation-playbook/","Declared page intent; confirm against editorial brief.","Enterprise advisory","header-cta","contact/","Qualified consultation intake","early-stage","internal","https://hardmagic.com/contact/","strong"
"/briefs/modern-media-agency-transformation-playbook/","Declared page intent; confirm against editorial brief.","Deliver my private edition","form","https://briefs.hardmagic.com/api/brief-request","BriefLock private delivery","primary","application","https://briefs.hardmagic.com/api/brief-request","strong"
"/briefs/modern-media-agency-transformation-playbook/","Declared page intent; confirm against editorial brief.","Request the brief","button dark-button","briefs/modern-media-agency-transformation-playbook/#request","BriefLock private delivery","primary","internal","https://hardmagic.com/briefs/modern-media-agency-transformation-playbook/#request","strong"
"/briefs/modern-media-agency-transformation-playbook/thanks/","Declared page intent; confirm against editorial brief.","Compare the eight briefs Return to the decision library ↗","confirmation-link","briefs/","BriefLock private delivery","early-stage","internal","https://hardmagic.com/briefs/","strong"
"/briefs/modern-media-agency-transformation-playbook/thanks/","Declared page intent; confirm against editorial brief.","Creative Director Brand reinvention or campaign leadership is primary ↗","confirmation-link","contact/","Qualified consultation intake","early-stage","internal","https://hardmagic.com/contact/","strong"
"/briefs/modern-media-agency-transformation-playbook/thanks/","Declared page intent; confirm against editorial brief.","Enterprise advisory","header-cta","contact/","Qualified consultation intake","early-stage","internal","https://hardmagic.com/contact/","strong"
"/briefs/modern-media-agency-transformation-playbook/thanks/","Declared page intent; confirm against editorial brief.","Explore Media Management Executive media transformation intake ↗","confirmation-link","services/media-management/","Specific service solution","early-stage","internal","https://hardmagic.com/services/media-management/","strong"
"/briefs/modern-media-agency-transformation-playbook/thanks/","Declared page intent; confirm against editorial brief.","GenAI Strategy Tool fragmentation, workflow redesign, or governance dominates ↗","confirmation-link","services/genai-strategy/","Specific service solution","early-stage","internal","https://hardmagic.com/services/genai-strategy/","strong"
"/briefs/modern-media-agency-transformation-playbook/thanks/","Declared page intent; confirm against editorial brief.","Marketing Consulting Positioning, portfolio, go-to-market, or channel strategy dominates ↗","confirmation-link","services/marketing-consulting/","Specific service solution","early-stage","internal","https://hardmagic.com/services/marketing-consulting/","strong"
"/briefs/modern-media-agency-transformation-playbook/thanks/","Declared page intent; confirm against editorial brief.","Bring this to a working session ↗","button","contact/","Qualified consultation intake","primary","internal","https://hardmagic.com/contact/","strong"
"/briefs/modern-media-agency-transformation-playbook/thanks/","Declared page intent; confirm against editorial brief.","Return to the public summary ↗","confirmation-summary-link","briefs/modern-media-agency-transformation-playbook/","BriefLock private delivery","utility-action","internal","https://hardmagic.com/briefs/modern-media-agency-transformation-playbook/","strong"
"/briefs/provenance-ready-content-supply-chain/","Declared page intent; confirm against editorial brief.","Enterprise advisory","header-cta","contact/","Qualified consultation intake","early-stage","internal","https://hardmagic.com/contact/","strong"
"/briefs/provenance-ready-content-supply-chain/","Declared page intent; confirm against editorial brief.","Deliver my private edition","form","https://briefs.hardmagic.com/api/brief-request","BriefLock private delivery","primary","application","https://briefs.hardmagic.com/api/brief-request","strong"
"/briefs/provenance-ready-content-supply-chain/","Declared page intent; confirm against editorial brief.","Request the brief","button dark-button","briefs/provenance-ready-content-supply-chain/#request","BriefLock private delivery","primary","internal","https://hardmagic.com/briefs/provenance-ready-content-supply-chain/#request","strong"
"/briefs/provenance-ready-content-supply-chain/thanks/","Declared page intent; confirm against editorial brief.","Compare the eight briefs Return to the decision library ↗","confirmation-link","briefs/","BriefLock private delivery","early-stage","internal","https://hardmagic.com/briefs/","strong"
"/briefs/provenance-ready-content-supply-chain/thanks/","Declared page intent; confirm against editorial brief.","Enterprise advisory","header-cta","contact/","Qualified consultation intake","early-stage","internal","https://hardmagic.com/contact/","strong"
"/briefs/provenance-ready-content-supply-chain/thanks/","Declared page intent; confirm against editorial brief.","Explore Privacy & Provenance Media governance and provenance architecture ↗","confirmation-link","products/wiremark/privacy-provenance/","Product-qualified evaluation","early-stage","internal","https://hardmagic.com/products/wiremark/privacy-provenance/","strong"
"/briefs/provenance-ready-content-supply-chain/thanks/","Declared page intent; confirm against editorial brief.","GenAI Strategy Generated-content policy is the primary decision ↗","confirmation-link","services/genai-strategy/","Specific service solution","early-stage","internal","https://hardmagic.com/services/genai-strategy/","strong"
"/briefs/provenance-ready-content-supply-chain/thanks/","Declared page intent; confirm against editorial brief.","GPU Router Signing, key custody, or private workflow boundaries dominate ↗","confirmation-link","products/gpu-router/","Product-qualified evaluation","early-stage","internal","https://hardmagic.com/products/gpu-router/","strong"
"/briefs/provenance-ready-content-supply-chain/thanks/","Declared page intent; confirm against editorial brief.","Media Management Metadata or catalog remediation is the primary need ↗","confirmation-link","services/media-management/","Specific service solution","early-stage","internal","https://hardmagic.com/services/media-management/","strong"
"/briefs/provenance-ready-content-supply-chain/thanks/","Declared page intent; confirm against editorial brief.","Bring this to a working session ↗","button","contact/","Qualified consultation intake","primary","internal","https://hardmagic.com/contact/","strong"
"/briefs/provenance-ready-content-supply-chain/thanks/","Declared page intent; confirm against editorial brief.","Return to the public summary ↗","confirmation-summary-link","briefs/provenance-ready-content-supply-chain/","BriefLock private delivery","utility-action","internal","https://hardmagic.com/briefs/provenance-ready-content-supply-chain/","strong"
"/briefs/visual-product-development-field-guide/","Declared page intent; confirm against editorial brief.","Enterprise advisory","header-cta","contact/","Qualified consultation intake","early-stage","internal","https://hardmagic.com/contact/","strong"
"/briefs/visual-product-development-field-guide/","Declared page intent; confirm against editorial brief.","Deliver my private edition","form","https://briefs.hardmagic.com/api/brief-request","BriefLock private delivery","primary","application","https://briefs.hardmagic.com/api/brief-request","strong"
"/briefs/visual-product-development-field-guide/","Declared page intent; confirm against editorial brief.","Request the brief","button dark-button","briefs/visual-product-development-field-guide/#request","BriefLock private delivery","primary","internal","https://hardmagic.com/briefs/visual-product-development-field-guide/#request","strong"
"/briefs/visual-product-development-field-guide/thanks/","Declared page intent; confirm against editorial brief.","Compare the eight briefs Return to the decision library ↗","confirmation-link","briefs/","BriefLock private delivery","early-stage","internal","https://hardmagic.com/briefs/","strong"
"/briefs/visual-product-development-field-guide/thanks/","Declared page intent; confirm against editorial brief.","Creative Direction The underlying experience intent is unresolved ↗","confirmation-link","services/creative-direction/","Specific service solution","early-stage","internal","https://hardmagic.com/services/creative-direction/","strong"
"/briefs/visual-product-development-field-guide/thanks/","Declared page intent; confirm against editorial brief.","Enterprise advisory","header-cta","contact/","Qualified consultation intake","early-stage","internal","https://hardmagic.com/contact/","strong"
"/briefs/visual-product-development-field-guide/thanks/","Declared page intent; confirm against editorial brief.","Explore WireMark WireMark product evaluation ↗","confirmation-link","products/wiremark/","Product-qualified evaluation","early-stage","internal","https://hardmagic.com/products/wiremark/","strong"
"/briefs/visual-product-development-field-guide/thanks/","Declared page intent; confirm against editorial brief.","Product and design consulting The review workflow itself needs redesign ↗","confirmation-link","contact/","Qualified consultation intake","early-stage","internal","https://hardmagic.com/contact/","strong"
"/briefs/visual-product-development-field-guide/thanks/","Declared page intent; confirm against editorial brief.","Web Magic The scope is primarily a website ↗","confirmation-link","products/web-magic/","Product-qualified evaluation","early-stage","internal","https://hardmagic.com/products/web-magic/","strong"
"/briefs/visual-product-development-field-guide/thanks/","Declared page intent; confirm against editorial brief.","Bring this to a working session ↗","button","contact/","Qualified consultation intake","primary","internal","https://hardmagic.com/contact/","strong"
"/briefs/visual-product-development-field-guide/thanks/","Declared page intent; confirm against editorial brief.","Return to the public summary ↗","confirmation-summary-link","briefs/visual-product-development-field-guide/","BriefLock private delivery","utility-action","internal","https://hardmagic.com/briefs/visual-product-development-field-guide/","strong"
"/company/","Declared page intent; confirm against editorial brief.","Choose an executive brief →","text-link","briefs/","BriefLock private delivery","early-stage","internal","https://hardmagic.com/briefs/","strong"
"/company/","Declared page intent; confirm against editorial brief.","Enterprise advisory","header-cta","contact/","Qualified consultation intake","early-stage","internal","https://hardmagic.com/contact/","strong"
"/company/","Declared page intent; confirm against editorial brief.","Explore the creative-direction portfolio →","text-link","portfolio/","Relevant experience proof","early-stage","internal","https://hardmagic.com/portfolio/","strong"
"/company/","Declared page intent; confirm against editorial brief.","Read the transformation brief →","text-link","briefs/modern-media-agency-transformation-playbook/","BriefLock private delivery","early-stage","internal","https://hardmagic.com/briefs/modern-media-agency-transformation-playbook/","strong"
"/company/","Declared page intent; confirm against editorial brief.","See how we engage →","text-link","engagements/","Specific engagement solution","early-stage","internal","https://hardmagic.com/engagements/","strong"
"/company/","Declared page intent; confirm against editorial brief.","Bring us a mandate","button dark-button","contact/","Qualified consultation intake","primary","internal","https://hardmagic.com/contact/","strong"
"/company/","Declared page intent; confirm against editorial brief.","Explore our capabilities","button ghost","services/","Specific service solution","primary","internal","https://hardmagic.com/services/","strong"
"/company/","Declared page intent; confirm against editorial brief.","Start a corporate conversation","button dark-button","contact/","Qualified consultation intake","primary","internal","https://hardmagic.com/contact/","strong"
"/company/careers/","Declared page intent; confirm against editorial brief.","Enterprise advisory","header-cta","contact/","Qualified consultation intake","early-stage","internal","https://hardmagic.com/contact/","strong"
"/company/careers/","Declared page intent; confirm against editorial brief.","Read how we work ↗","text-link","/company/principles/","Company context","early-stage","internal","https://hardmagic.com/company/principles/","strong"
"/company/careers/","Declared page intent; confirm against editorial brief.","Ready to move Introduce yourself Use the relevant intake or engagement route.","enterprise-cta-option","/contact/","Qualified consultation intake","early-stage","internal","https://hardmagic.com/contact/","strong"
"/company/careers/","Declared page intent; confirm against editorial brief.","Still framing the question Read how we work Continue through a relevant brief, insight, method, or product.","enterprise-cta-option","/company/principles/","Company context","early-stage","internal","https://hardmagic.com/company/principles/","strong"
"/company/careers/","Declared page intent; confirm against editorial brief.","Introduce yourself","button dark-button","/contact/","Qualified consultation intake","primary","internal","https://hardmagic.com/contact/","strong"
"/company/founder/","Declared page intent; confirm against editorial brief.","Enterprise advisory","header-cta","contact/","Qualified consultation intake","early-stage","internal","https://hardmagic.com/contact/","strong"
"/company/founder/","Declared page intent; confirm against editorial brief.","Read the company story ↗","text-link","/insights/25-years-from-brand-studio-to-ai-company/","Research or method path","early-stage","internal","https://hardmagic.com/insights/25-years-from-brand-studio-to-ai-company/","strong"
"/company/founder/","Declared page intent; confirm against editorial brief.","Ready to move Request founder advisory Use the relevant intake or engagement route.","enterprise-cta-option","/contact/","Qualified consultation intake","early-stage","internal","https://hardmagic.com/contact/","strong"
"/company/founder/","Declared page intent; confirm against editorial brief.","Still framing the question Read the company story Continue through a relevant brief, insight, method, or product.","enterprise-cta-option","/insights/25-years-from-brand-studio-to-ai-company/","Research or method path","early-stage","internal","https://hardmagic.com/insights/25-years-from-brand-studio-to-ai-company/","strong"
"/company/founder/","Declared page intent; confirm against editorial brief.","Request founder advisory","button dark-button","/contact/","Qualified consultation intake","primary","internal","https://hardmagic.com/contact/","strong"
"/company/history/","Declared page intent; confirm against editorial brief.","Browse the timeline ↗","text-link","/company/","Company context","early-stage","internal","https://hardmagic.com/company/","strong"
"/company/history/","Declared page intent; confirm against editorial brief.","Enterprise advisory","header-cta","contact/","Qualified consultation intake","early-stage","internal","https://hardmagic.com/contact/","strong"
"/company/history/","Declared page intent; confirm against editorial brief.","Ready to move Discuss the next chapter Use the relevant intake or engagement route.","enterprise-cta-option","/contact/","Qualified consultation intake","early-stage","internal","https://hardmagic.com/contact/","strong"
"/company/history/","Declared page intent; confirm against editorial brief.","Still framing the question Browse the timeline Continue through a relevant brief, insight, method, or product.","enterprise-cta-option","/company/","Company context","early-stage","internal","https://hardmagic.com/company/","strong"
"/company/history/","Declared page intent; confirm against editorial brief.","Discuss the next chapter","button dark-button","/contact/","Qualified consultation intake","primary","internal","https://hardmagic.com/contact/","strong"
"/company/history/","Declared page intent; confirm against editorial brief.","Read Horizon 2035","button ghost","horizon/","Research or method path","primary","internal","https://hardmagic.com/horizon/","strong"
"/company/operating-model/","Declared page intent; confirm against editorial brief.","Enterprise advisory","header-cta","contact/","Qualified consultation intake","early-stage","internal","https://hardmagic.com/contact/","strong"
"/company/operating-model/","Declared page intent; confirm against editorial brief.","Ready to move Discuss a working model Use the relevant intake or engagement route.","enterprise-cta-option","/engagements/","Specific engagement solution","early-stage","internal","https://hardmagic.com/engagements/","strong"
"/company/operating-model/","Declared page intent; confirm against editorial brief.","Still framing the question Use the intent-to-system method Continue through a relevant brief, insight, method, or product.","enterprise-cta-option","/methods/intent-to-system/","Research or method path","early-stage","internal","https://hardmagic.com/methods/intent-to-system/","strong"
"/company/operating-model/","Declared page intent; confirm against editorial brief.","Use the intent-to-system method ↗","text-link","/methods/intent-to-system/","Research or method path","early-stage","internal","https://hardmagic.com/methods/intent-to-system/","strong"
"/company/operating-model/","Declared page intent; confirm against editorial brief.","Discuss a working model","button dark-button","/engagements/","Specific engagement solution","primary","internal","https://hardmagic.com/engagements/","strong"
"/company/partners/","Declared page intent; confirm against editorial brief.","Enterprise advisory","header-cta","contact/","Qualified consultation intake","early-stage","internal","https://hardmagic.com/contact/","strong"
"/company/partners/","Declared page intent; confirm against editorial brief.","Ready to move Propose a partnership Use the relevant intake or engagement route.","enterprise-cta-option","/contact/partnerships/","Qualified consultation intake","early-stage","internal","https://hardmagic.com/contact/partnerships/","strong"
"/company/partners/","Declared page intent; confirm against editorial brief.","Review the operating model ↗","text-link","/company/operating-model/","Company context","early-stage","internal","https://hardmagic.com/company/operating-model/","strong"
"/company/partners/","Declared page intent; confirm against editorial brief.","Still framing the question Review the operating model Continue through a relevant brief, insight, method, or product.","enterprise-cta-option","/company/operating-model/","Company context","early-stage","internal","https://hardmagic.com/company/operating-model/","strong"
"/company/partners/","Declared page intent; confirm against editorial brief.","Propose a partnership","button dark-button","/contact/partnerships/","Qualified consultation intake","primary","internal","https://hardmagic.com/contact/partnerships/","strong"
"/company/principles/","Declared page intent; confirm against editorial brief.","Enterprise advisory","header-cta","contact/","Qualified consultation intake","early-stage","internal","https://hardmagic.com/contact/","strong"
"/company/principles/","Declared page intent; confirm against editorial brief.","Read brand-memory principles ↗","text-link","/methods/brand-memory/","Research or method path","early-stage","internal","https://hardmagic.com/methods/brand-memory/","strong"
"/company/principles/","Declared page intent; confirm against editorial brief.","Ready to move Discuss mutual fit Use the relevant intake or engagement route.","enterprise-cta-option","/contact/","Qualified consultation intake","early-stage","internal","https://hardmagic.com/contact/","strong"
"/company/principles/","Declared page intent; confirm against editorial brief.","Still framing the question Read brand-memory principles Continue through a relevant brief, insight, method, or product.","enterprise-cta-option","/methods/brand-memory/","Research or method path","early-stage","internal","https://hardmagic.com/methods/brand-memory/","strong"
"/company/principles/","Declared page intent; confirm against editorial brief.","Discuss mutual fit","button dark-button","/contact/","Qualified consultation intake","primary","internal","https://hardmagic.com/contact/","strong"
"/company/principles/","Declared page intent; confirm against editorial brief.","Read Horizon 2035","button ghost","horizon/","Research or method path","primary","internal","https://hardmagic.com/horizon/","strong"
"/company/selected-experience/","Declared page intent; confirm against editorial brief.","Enterprise advisory","header-cta","contact/","Qualified consultation intake","early-stage","internal","https://hardmagic.com/contact/","strong"
"/company/selected-experience/","Declared page intent; confirm against editorial brief.","Explore the experience record ↗","text-link","/portfolio/","Relevant experience proof","early-stage","internal","https://hardmagic.com/portfolio/","strong"
"/company/selected-experience/","Declared page intent; confirm against editorial brief.","Ready to move Discuss relevant experience Use the relevant intake or engagement route.","enterprise-cta-option","/contact/","Qualified consultation intake","early-stage","internal","https://hardmagic.com/contact/","strong"
"/company/selected-experience/","Declared page intent; confirm against editorial brief.","Still framing the question Explore the experience record Continue through a relevant brief, insight, method, or product.","enterprise-cta-option","/portfolio/","Relevant experience proof","early-stage","internal","https://hardmagic.com/portfolio/","strong"
"/company/selected-experience/","Declared page intent; confirm against editorial brief.","Discuss relevant experience","button dark-button","/contact/","Qualified consultation intake","primary","internal","https://hardmagic.com/contact/","strong"
"/contact/","Declared page intent; confirm against editorial brief.","Enterprise advisory","header-cta","contact/","Qualified consultation intake","early-stage","internal","https://hardmagic.com/contact/","strong"
"/contact/","Declared page intent; confirm against editorial brief.","Send the first question ↗","form","https://briefs.hardmagic.com/api/contact-request","Qualified consultation intake","primary","application","https://briefs.hardmagic.com/api/contact-request","strong"
"/contact/creative-direction/","Declared page intent; confirm against editorial brief.","Enterprise advisory","header-cta","contact/","Qualified consultation intake","early-stage","internal","https://hardmagic.com/contact/","strong"
"/contact/creative-direction/","Declared page intent; confirm against editorial brief.","Read the creative-direction essay ↗","text-link","/insights/creative-direction-after-model-abundance/","Research or method path","early-stage","internal","https://hardmagic.com/insights/creative-direction-after-model-abundance/","strong"
"/contact/creative-direction/","Declared page intent; confirm against editorial brief.","Request creative direction","button dark-button","/contact/creative-direction/#intake","Qualified consultation intake","primary","internal","https://hardmagic.com/contact/creative-direction/#intake","strong"
"/contact/creative-direction/","Declared page intent; confirm against editorial brief.","Send inquiry","form","https://briefs.hardmagic.com/api/contact-request","Qualified consultation intake","primary","application","https://briefs.hardmagic.com/api/contact-request","strong"
"/contact/genai/","Declared page intent; confirm against editorial brief.","Enterprise advisory","header-cta","contact/","Qualified consultation intake","early-stage","internal","https://hardmagic.com/contact/","strong"
"/contact/genai/","Declared page intent; confirm against editorial brief.","Read the GenAI operating brief ↗","text-link","/briefs/generative-media-operating-system/","BriefLock private delivery","early-stage","internal","https://hardmagic.com/briefs/generative-media-operating-system/","strong"
"/contact/genai/","Declared page intent; confirm against editorial brief.","Send inquiry","form","https://briefs.hardmagic.com/api/contact-request","Qualified consultation intake","primary","application","https://briefs.hardmagic.com/api/contact-request","strong"
"/contact/genai/","Declared page intent; confirm against editorial brief.","Start a GenAI inquiry","button dark-button","/contact/genai/#intake","Qualified consultation intake","primary","internal","https://hardmagic.com/contact/genai/#intake","strong"
"/contact/marketing-consulting/","Declared page intent; confirm against editorial brief.","Enterprise advisory","header-cta","contact/","Qualified consultation intake","early-stage","internal","https://hardmagic.com/contact/","strong"
"/contact/marketing-consulting/","Declared page intent; confirm against editorial brief.","Read marketing operations ↗","text-link","/insights/marketing-operations-for-small-expert-teams/","Research or method path","early-stage","internal","https://hardmagic.com/insights/marketing-operations-for-small-expert-teams/","strong"
"/contact/marketing-consulting/","Declared page intent; confirm against editorial brief.","Request a consultation","button dark-button","/contact/marketing-consulting/#intake","Qualified consultation intake","primary","internal","https://hardmagic.com/contact/marketing-consulting/#intake","strong"
"/contact/marketing-consulting/","Declared page intent; confirm against editorial brief.","Send inquiry","form","https://briefs.hardmagic.com/api/contact-request","Qualified consultation intake","primary","application","https://briefs.hardmagic.com/api/contact-request","strong"
"/contact/media-management/","Declared page intent; confirm against editorial brief.","Enterprise advisory","header-cta","contact/","Qualified consultation intake","early-stage","internal","https://hardmagic.com/contact/","strong"
"/contact/media-management/","Declared page intent; confirm against editorial brief.","Use the media scorecard ↗","text-link","/methods/collection-to-intelligence/","Research or method path","early-stage","internal","https://hardmagic.com/methods/collection-to-intelligence/","strong"
"/contact/media-management/","Declared page intent; confirm against editorial brief.","Request a media assessment","button dark-button","/contact/media-management/#intake","Qualified consultation intake","primary","internal","https://hardmagic.com/contact/media-management/#intake","strong"
"/contact/media-management/","Declared page intent; confirm against editorial brief.","Send inquiry","form","https://briefs.hardmagic.com/api/contact-request","Qualified consultation intake","primary","application","https://briefs.hardmagic.com/api/contact-request","strong"
"/contact/partnerships/","Declared page intent; confirm against editorial brief.","Enterprise advisory","header-cta","contact/","Qualified consultation intake","early-stage","internal","https://hardmagic.com/contact/","strong"
"/contact/partnerships/","Declared page intent; confirm against editorial brief.","Review the operating model ↗","text-link","/company/operating-model/","Company context","early-stage","internal","https://hardmagic.com/company/operating-model/","strong"
"/contact/partnerships/","Declared page intent; confirm against editorial brief.","Propose a partnership","button dark-button","/contact/partnerships/#intake","Qualified consultation intake","primary","internal","https://hardmagic.com/contact/partnerships/#intake","strong"
"/contact/partnerships/","Declared page intent; confirm against editorial brief.","Send inquiry","form","https://briefs.hardmagic.com/api/contact-request","Qualified consultation intake","primary","application","https://briefs.hardmagic.com/api/contact-request","strong"
"/contact/thanks/","Declared page intent; confirm against editorial brief.","Continue exploring ↗","text-link","/insights/","Research or method path","early-stage","internal","https://hardmagic.com/insights/","strong"
"/contact/thanks/","Declared page intent; confirm against editorial brief.","Enterprise advisory","header-cta","contact/","Qualified consultation intake","early-stage","internal","https://hardmagic.com/contact/","strong"
"/contact/thanks/","Declared page intent; confirm against editorial brief.","Prepare for the conversation","button dark-button","/contact/","Qualified consultation intake","primary","internal","https://hardmagic.com/contact/","strong"
"/editorial-policy/","Declared page intent; confirm against editorial brief.","Enterprise advisory","header-cta","contact/","Qualified consultation intake","early-stage","internal","https://hardmagic.com/contact/","strong"
"/editorial-policy/","Declared page intent; confirm against editorial brief.","Review recent insights ↗","text-link","/insights/","Research or method path","early-stage","internal","https://hardmagic.com/insights/","strong"
"/editorial-policy/","Declared page intent; confirm against editorial brief.","Report a correction","button dark-button","/contact/","Qualified consultation intake","primary","internal","https://hardmagic.com/contact/","strong"
"/engagements/","Declared page intent; confirm against editorial brief.","Enterprise advisory","header-cta","contact/","Qualified consultation intake","early-stage","internal","https://hardmagic.com/contact/","strong"
"/engagements/","Declared page intent; confirm against editorial brief.","Ready to move Choose an engagement Use the relevant intake or engagement route.","enterprise-cta-option","/contact/","Qualified consultation intake","early-stage","internal","https://hardmagic.com/contact/","strong"
"/engagements/","Declared page intent; confirm against editorial brief.","Review the methods ↗","text-link","/methods/","Research or method path","early-stage","internal","https://hardmagic.com/methods/","strong"
"/engagements/","Declared page intent; confirm against editorial brief.","Still framing the question Review the methods Continue through a relevant brief, insight, method, or product.","enterprise-cta-option","/methods/","Research or method path","early-stage","internal","https://hardmagic.com/methods/","strong"
"/engagements/","Declared page intent; confirm against editorial brief.","Choose an engagement","button dark-button","/contact/","Qualified consultation intake","primary","internal","https://hardmagic.com/contact/","strong"
"/engagements/fractional-creative-office/","Declared page intent; confirm against editorial brief.","Enterprise advisory","header-cta","contact/","Qualified consultation intake","early-stage","internal","https://hardmagic.com/contact/","strong"
"/engagements/fractional-creative-office/","Declared page intent; confirm against editorial brief.","Read the creative-direction essay ↗","text-link","/insights/creative-direction-after-model-abundance/","Research or method path","early-stage","internal","https://hardmagic.com/insights/creative-direction-after-model-abundance/","strong"
"/engagements/fractional-creative-office/","Declared page intent; confirm against editorial brief.","Ready to move Discuss fractional leadership Use the relevant intake or engagement route.","enterprise-cta-option","/contact/creative-direction/","Qualified consultation intake","early-stage","internal","https://hardmagic.com/contact/creative-direction/","strong"
"/engagements/fractional-creative-office/","Declared page intent; confirm against editorial brief.","Still framing the question Read the creative-direction essay Continue through a relevant brief, insight, method, or product.","enterprise-cta-option","/insights/creative-direction-after-model-abundance/","Research or method path","early-stage","internal","https://hardmagic.com/insights/creative-direction-after-model-abundance/","strong"
"/engagements/fractional-creative-office/","Declared page intent; confirm against editorial brief.","Discuss fractional leadership","button dark-button","/contact/creative-direction/","Qualified consultation intake","primary","internal","https://hardmagic.com/contact/creative-direction/","strong"
"/engagements/genai-lab/","Declared page intent; confirm against editorial brief.","Enterprise advisory","header-cta","contact/","Qualified consultation intake","early-stage","internal","https://hardmagic.com/contact/","strong"
"/engagements/genai-lab/","Declared page intent; confirm against editorial brief.","Read the GenAI operating brief ↗","text-link","/briefs/generative-media-operating-system/","BriefLock private delivery","early-stage","internal","https://hardmagic.com/briefs/generative-media-operating-system/","strong"
"/engagements/genai-lab/","Declared page intent; confirm against editorial brief.","Ready to move Design a lab Use the relevant intake or engagement route.","enterprise-cta-option","/contact/genai/","Qualified consultation intake","early-stage","internal","https://hardmagic.com/contact/genai/","strong"
"/engagements/genai-lab/","Declared page intent; confirm against editorial brief.","Still framing the question Read the GenAI operating brief Continue through a relevant brief, insight, method, or product.","enterprise-cta-option","/briefs/generative-media-operating-system/","BriefLock private delivery","early-stage","internal","https://hardmagic.com/briefs/generative-media-operating-system/","strong"
"/engagements/genai-lab/","Declared page intent; confirm against editorial brief.","Design a lab","button dark-button","/contact/genai/","Qualified consultation intake","primary","internal","https://hardmagic.com/contact/genai/","strong"
"/engagements/managed-media-desk/","Declared page intent; confirm against editorial brief.","Enterprise advisory","header-cta","contact/","Qualified consultation intake","early-stage","internal","https://hardmagic.com/contact/","strong"
"/engagements/managed-media-desk/","Declared page intent; confirm against editorial brief.","Read the media asset-estate brief ↗","text-link","/briefs/intelligent-media-asset-estate/","BriefLock private delivery","early-stage","internal","https://hardmagic.com/briefs/intelligent-media-asset-estate/","strong"
"/engagements/managed-media-desk/","Declared page intent; confirm against editorial brief.","Ready to move Scope a media desk Use the relevant intake or engagement route.","enterprise-cta-option","/contact/media-management/","Qualified consultation intake","early-stage","internal","https://hardmagic.com/contact/media-management/","strong"
"/engagements/managed-media-desk/","Declared page intent; confirm against editorial brief.","Still framing the question Read the media asset-estate brief Continue through a relevant brief, insight, method, or product.","enterprise-cta-option","/briefs/intelligent-media-asset-estate/","BriefLock private delivery","early-stage","internal","https://hardmagic.com/briefs/intelligent-media-asset-estate/","strong"
"/engagements/managed-media-desk/","Declared page intent; confirm against editorial brief.","Scope a media desk","button dark-button","/contact/media-management/","Qualified consultation intake","primary","internal","https://hardmagic.com/contact/media-management/","strong"
"/engagements/product-launch-room/","Declared page intent; confirm against editorial brief.","Enterprise advisory","header-cta","contact/","Qualified consultation intake","early-stage","internal","https://hardmagic.com/contact/","strong"
"/engagements/product-launch-room/","Declared page intent; confirm against editorial brief.","Explore Studio production ↗","text-link","/products/studio/","Product-qualified evaluation","early-stage","internal","https://hardmagic.com/products/studio/","strong"
"/engagements/product-launch-room/","Declared page intent; confirm against editorial brief.","Ready to move Open a launch room Use the relevant intake or engagement route.","enterprise-cta-option","/contact/","Qualified consultation intake","early-stage","internal","https://hardmagic.com/contact/","strong"
"/engagements/product-launch-room/","Declared page intent; confirm against editorial brief.","Still framing the question Explore Studio production Continue through a relevant brief, insight, method, or product.","enterprise-cta-option","/products/studio/","Product-qualified evaluation","early-stage","internal","https://hardmagic.com/products/studio/","strong"
"/engagements/product-launch-room/","Declared page intent; confirm against editorial brief.","Open a launch room","button dark-button","/contact/","Qualified consultation intake","primary","internal","https://hardmagic.com/contact/","strong"
"/engagements/transformation-sprint/","Declared page intent; confirm against editorial brief.","Enterprise advisory","header-cta","contact/","Qualified consultation intake","early-stage","internal","https://hardmagic.com/contact/","strong"
"/engagements/transformation-sprint/","Declared page intent; confirm against editorial brief.","Read the 30/60/90 activation method ↗","text-link","/methods/30-60-90-activation/","Research or method path","early-stage","internal","https://hardmagic.com/methods/30-60-90-activation/","strong"
"/engagements/transformation-sprint/","Declared page intent; confirm against editorial brief.","Ready to move Scope a sprint Use the relevant intake or engagement route.","enterprise-cta-option","/contact/","Qualified consultation intake","early-stage","internal","https://hardmagic.com/contact/","strong"
"/engagements/transformation-sprint/","Declared page intent; confirm against editorial brief.","Still framing the question Read the 30/60/90 activation method Continue through a relevant brief, insight, method, or product.","enterprise-cta-option","/methods/30-60-90-activation/","Research or method path","early-stage","internal","https://hardmagic.com/methods/30-60-90-activation/","strong"
"/engagements/transformation-sprint/","Declared page intent; confirm against editorial brief.","Scope a sprint","button dark-button","/contact/","Qualified consultation intake","primary","internal","https://hardmagic.com/contact/","strong"
"/horizon/","Declared page intent; confirm against editorial brief.","Enterprise advisory","header-cta","contact/","Qualified consultation intake","early-stage","internal","https://hardmagic.com/contact/","strong"
"/horizon/","Declared page intent; confirm against editorial brief.","Enter the dispatches","button ghost","horizon/#dispatches","Research or method path","primary","internal","https://hardmagic.com/horizon/#dispatches","strong"
"/horizon/accessibility-becomes-generative-art-direction/","Declared page intent; confirm against editorial brief.","Enterprise advisory","header-cta","contact/","Qualified consultation intake","early-stage","internal","https://hardmagic.com/contact/","strong"
"/horizon/agentic-media-needs-a-control-room/","Declared page intent; confirm against editorial brief.","Enterprise advisory","header-cta","contact/","Qualified consultation intake","early-stage","internal","https://hardmagic.com/contact/","strong"
"/horizon/brand-memory-becomes-an-operating-system/","Declared page intent; confirm against editorial brief.","Enterprise advisory","header-cta","contact/","Qualified consultation intake","early-stage","internal","https://hardmagic.com/contact/","strong"
"/horizon/compute-becomes-a-creative-material/","Declared page intent; confirm against editorial brief.","Enterprise advisory","header-cta","contact/","Qualified consultation intake","early-stage","internal","https://hardmagic.com/contact/","strong"
"/horizon/direction-after-infinite-production/","Declared page intent; confirm against editorial brief.","Enterprise advisory","header-cta","contact/","Qualified consultation intake","early-stage","internal","https://hardmagic.com/contact/","strong"
"/horizon/identity-rights-become-production-infrastructure/","Declared page intent; confirm against editorial brief.","Enterprise advisory","header-cta","contact/","Qualified consultation intake","early-stage","internal","https://hardmagic.com/contact/","strong"
"/horizon/marketing-after-surveillance/","Declared page intent; confirm against editorial brief.","Enterprise advisory","header-cta","contact/","Qualified consultation intake","early-stage","internal","https://hardmagic.com/contact/","strong"
"/horizon/media-escapes-the-frame/","Declared page intent; confirm against editorial brief.","Enterprise advisory","header-cta","contact/","Qualified consultation intake","early-stage","internal","https://hardmagic.com/contact/","strong"
"/horizon/provenance-is-the-new-publishing-layer/","Declared page intent; confirm against editorial brief.","Enterprise advisory","header-cta","contact/","Qualified consultation intake","early-stage","internal","https://hardmagic.com/contact/","strong"
"/horizon/the-media-library-starts-making-decisions/","Declared page intent; confirm against editorial brief.","Enterprise advisory","header-cta","contact/","Qualified consultation intake","early-stage","internal","https://hardmagic.com/contact/","strong"
"/horizon/the-sovereign-microstudio/","Declared page intent; confirm against editorial brief.","Enterprise advisory","header-cta","contact/","Qualified consultation intake","early-stage","internal","https://hardmagic.com/contact/","strong"
"/horizon/the-story-is-assembled-at-the-edge/","Declared page intent; confirm against editorial brief.","Enterprise advisory","header-cta","contact/","Qualified consultation intake","early-stage","internal","https://hardmagic.com/contact/","strong"
"/industries/","Declared page intent; confirm against editorial brief.","Enterprise advisory","header-cta","contact/","Qualified consultation intake","early-stage","internal","https://hardmagic.com/contact/","strong"
"/industries/","Declared page intent; confirm against editorial brief.","Read the GenAI operating brief ↗","text-link","/briefs/generative-media-operating-system/","BriefLock private delivery","early-stage","internal","https://hardmagic.com/briefs/generative-media-operating-system/","strong"
"/industries/","Declared page intent; confirm against editorial brief.","Ready to move Discuss a sector decision Use the relevant intake or engagement route.","enterprise-cta-option","/contact/","Qualified consultation intake","early-stage","internal","https://hardmagic.com/contact/","strong"
"/industries/","Declared page intent; confirm against editorial brief.","Still framing the question Read the GenAI operating brief Continue through a relevant brief, insight, method, or product.","enterprise-cta-option","/briefs/generative-media-operating-system/","BriefLock private delivery","early-stage","internal","https://hardmagic.com/briefs/generative-media-operating-system/","strong"
"/industries/","Declared page intent; confirm against editorial brief.","Discuss a sector decision","button ghost","/contact/","Qualified consultation intake","primary","internal","https://hardmagic.com/contact/","strong"
"/industries/agencies/","Declared page intent; confirm against editorial brief.","Enterprise advisory","header-cta","contact/","Qualified consultation intake","early-stage","internal","https://hardmagic.com/contact/","strong"
"/industries/agencies/","Declared page intent; confirm against editorial brief.","Read the GenAI operating brief ↗","text-link","/briefs/generative-media-operating-system/","BriefLock private delivery","early-stage","internal","https://hardmagic.com/briefs/generative-media-operating-system/","strong"
"/industries/agencies/","Declared page intent; confirm against editorial brief.","Ready to move Build an agency lab Use the relevant intake or engagement route.","enterprise-cta-option","/engagements/genai-lab/","Specific engagement solution","early-stage","internal","https://hardmagic.com/engagements/genai-lab/","strong"
"/industries/agencies/","Declared page intent; confirm against editorial brief.","Still framing the question Read the GenAI operating brief Continue through a relevant brief, insight, method, or product.","enterprise-cta-option","/briefs/generative-media-operating-system/","BriefLock private delivery","early-stage","internal","https://hardmagic.com/briefs/generative-media-operating-system/","strong"
"/industries/agencies/","Declared page intent; confirm against editorial brief.","Build an agency lab","button ghost","/engagements/genai-lab/","Specific engagement solution","primary","internal","https://hardmagic.com/engagements/genai-lab/","strong"
"/industries/consumer-brands/","Declared page intent; confirm against editorial brief.","Enterprise advisory","header-cta","contact/","Qualified consultation intake","early-stage","internal","https://hardmagic.com/contact/","strong"
"/industries/consumer-brands/","Declared page intent; confirm against editorial brief.","Read brand-memory principles ↗","text-link","/methods/brand-memory/","Research or method path","early-stage","internal","https://hardmagic.com/methods/brand-memory/","strong"
"/industries/consumer-brands/","Declared page intent; confirm against editorial brief.","Ready to move Review brand readiness Use the relevant intake or engagement route.","enterprise-cta-option","/contact/marketing-consulting/","Qualified consultation intake","early-stage","internal","https://hardmagic.com/contact/marketing-consulting/","strong"
"/industries/consumer-brands/","Declared page intent; confirm against editorial brief.","Still framing the question Read brand-memory principles Continue through a relevant brief, insight, method, or product.","enterprise-cta-option","/methods/brand-memory/","Research or method path","early-stage","internal","https://hardmagic.com/methods/brand-memory/","strong"
"/industries/consumer-brands/","Declared page intent; confirm against editorial brief.","Review brand readiness","button ghost","/contact/marketing-consulting/","Qualified consultation intake","primary","internal","https://hardmagic.com/contact/marketing-consulting/","strong"
"/industries/education-culture/","Declared page intent; confirm against editorial brief.","Enterprise advisory","header-cta","contact/","Qualified consultation intake","early-stage","internal","https://hardmagic.com/contact/","strong"
"/industries/education-culture/","Declared page intent; confirm against editorial brief.","Read provenance principles ↗","text-link","/insights/provenance-without-killing-creative-flow/","Research or method path","early-stage","internal","https://hardmagic.com/insights/provenance-without-killing-creative-flow/","strong"
"/industries/education-culture/","Declared page intent; confirm against editorial brief.","Ready to move Discuss a responsible pilot Use the relevant intake or engagement route.","enterprise-cta-option","/contact/genai/","Qualified consultation intake","early-stage","internal","https://hardmagic.com/contact/genai/","strong"
"/industries/education-culture/","Declared page intent; confirm against editorial brief.","Still framing the question Read provenance principles Continue through a relevant brief, insight, method, or product.","enterprise-cta-option","/insights/provenance-without-killing-creative-flow/","Research or method path","early-stage","internal","https://hardmagic.com/insights/provenance-without-killing-creative-flow/","strong"
"/industries/education-culture/","Declared page intent; confirm against editorial brief.","Discuss a responsible pilot","button ghost","/contact/genai/","Qualified consultation intake","primary","internal","https://hardmagic.com/contact/genai/","strong"
"/industries/founder-led-companies/","Declared page intent; confirm against editorial brief.","Enterprise advisory","header-cta","contact/","Qualified consultation intake","early-stage","internal","https://hardmagic.com/contact/","strong"
"/industries/founder-led-companies/","Declared page intent; confirm against editorial brief.","Read the marketing-operations essay ↗","text-link","/insights/marketing-operations-for-small-expert-teams/","Research or method path","early-stage","internal","https://hardmagic.com/insights/marketing-operations-for-small-expert-teams/","strong"
"/industries/founder-led-companies/","Declared page intent; confirm against editorial brief.","Ready to move Request founder advisory Use the relevant intake or engagement route.","enterprise-cta-option","/contact/marketing-consulting/","Qualified consultation intake","early-stage","internal","https://hardmagic.com/contact/marketing-consulting/","strong"
"/industries/founder-led-companies/","Declared page intent; confirm against editorial brief.","Still framing the question Read the marketing-operations essay Continue through a relevant brief, insight, method, or product.","enterprise-cta-option","/insights/marketing-operations-for-small-expert-teams/","Research or method path","early-stage","internal","https://hardmagic.com/insights/marketing-operations-for-small-expert-teams/","strong"
"/industries/founder-led-companies/","Declared page intent; confirm against editorial brief.","Request founder advisory","button ghost","/contact/marketing-consulting/","Qualified consultation intake","primary","internal","https://hardmagic.com/contact/marketing-consulting/","strong"
"/industries/media-entertainment/","Declared page intent; confirm against editorial brief.","Enterprise advisory","header-cta","contact/","Qualified consultation intake","early-stage","internal","https://hardmagic.com/contact/","strong"
"/industries/media-entertainment/","Declared page intent; confirm against editorial brief.","Explore Studio production ↗","text-link","/products/studio/","Product-qualified evaluation","early-stage","internal","https://hardmagic.com/products/studio/","strong"
"/industries/media-entertainment/","Declared page intent; confirm against editorial brief.","Ready to move Discuss a media program Use the relevant intake or engagement route.","enterprise-cta-option","/contact/media-management/","Qualified consultation intake","early-stage","internal","https://hardmagic.com/contact/media-management/","strong"
"/industries/media-entertainment/","Declared page intent; confirm against editorial brief.","Still framing the question Explore Studio production Continue through a relevant brief, insight, method, or product.","enterprise-cta-option","/products/studio/","Product-qualified evaluation","early-stage","internal","https://hardmagic.com/products/studio/","strong"
"/industries/media-entertainment/","Declared page intent; confirm against editorial brief.","Discuss a media program","button ghost","/contact/media-management/","Qualified consultation intake","primary","internal","https://hardmagic.com/contact/media-management/","strong"
"/industries/retail-commerce/","Declared page intent; confirm against editorial brief.","Enterprise advisory","header-cta","contact/","Qualified consultation intake","early-stage","internal","https://hardmagic.com/contact/","strong"
"/industries/retail-commerce/","Declared page intent; confirm against editorial brief.","Explore Photo Curator ↗","text-link","/products/photo-curator/","Product-qualified evaluation","early-stage","internal","https://hardmagic.com/products/photo-curator/","strong"
"/industries/retail-commerce/","Declared page intent; confirm against editorial brief.","Ready to move Review commerce media Use the relevant intake or engagement route.","enterprise-cta-option","/contact/media-management/","Qualified consultation intake","early-stage","internal","https://hardmagic.com/contact/media-management/","strong"
"/industries/retail-commerce/","Declared page intent; confirm against editorial brief.","Still framing the question Explore Photo Curator Continue through a relevant brief, insight, method, or product.","enterprise-cta-option","/products/photo-curator/","Product-qualified evaluation","early-stage","internal","https://hardmagic.com/products/photo-curator/","strong"
"/industries/retail-commerce/","Declared page intent; confirm against editorial brief.","Review commerce media","button ghost","/contact/media-management/","Qualified consultation intake","primary","internal","https://hardmagic.com/contact/media-management/","strong"
"/industries/software-platforms/","Declared page intent; confirm against editorial brief.","Enterprise advisory","header-cta","contact/","Qualified consultation intake","early-stage","internal","https://hardmagic.com/contact/","strong"
"/industries/software-platforms/","Declared page intent; confirm against editorial brief.","Explore WireMark ↗","text-link","/products/wiremark/","Product-qualified evaluation","early-stage","internal","https://hardmagic.com/products/wiremark/","strong"
"/industries/software-platforms/","Declared page intent; confirm against editorial brief.","Ready to move Plan a product narrative Use the relevant intake or engagement route.","enterprise-cta-option","/engagements/product-launch-room/","Specific engagement solution","early-stage","internal","https://hardmagic.com/engagements/product-launch-room/","strong"
"/industries/software-platforms/","Declared page intent; confirm against editorial brief.","Still framing the question Explore WireMark Continue through a relevant brief, insight, method, or product.","enterprise-cta-option","/products/wiremark/","Product-qualified evaluation","early-stage","internal","https://hardmagic.com/products/wiremark/","strong"
"/industries/software-platforms/","Declared page intent; confirm against editorial brief.","Plan a product narrative","button dark-button","/engagements/product-launch-room/","Specific engagement solution","primary","internal","https://hardmagic.com/engagements/product-launch-room/","strong"
"/industries/sports-wellness/","Declared page intent; confirm against editorial brief.","Enterprise advisory","header-cta","contact/","Qualified consultation intake","early-stage","internal","https://hardmagic.com/contact/","strong"
"/industries/sports-wellness/","Declared page intent; confirm against editorial brief.","Read the creative-direction essay ↗","text-link","/insights/creative-direction-after-model-abundance/","Research or method path","early-stage","internal","https://hardmagic.com/insights/creative-direction-after-model-abundance/","strong"
"/industries/sports-wellness/","Declared page intent; confirm against editorial brief.","Ready to move Discuss brand direction Use the relevant intake or engagement route.","enterprise-cta-option","/contact/creative-direction/","Qualified consultation intake","early-stage","internal","https://hardmagic.com/contact/creative-direction/","strong"
"/industries/sports-wellness/","Declared page intent; confirm against editorial brief.","Still framing the question Read the creative-direction essay Continue through a relevant brief, insight, method, or product.","enterprise-cta-option","/insights/creative-direction-after-model-abundance/","Research or method path","early-stage","internal","https://hardmagic.com/insights/creative-direction-after-model-abundance/","strong"
"/industries/sports-wellness/","Declared page intent; confirm against editorial brief.","Discuss brand direction","button ghost","/contact/creative-direction/","Qualified consultation intake","primary","internal","https://hardmagic.com/contact/creative-direction/","strong"
"/insights/","Declared page intent; confirm against editorial brief.","Browse the methods ↗","text-link","/methods/","Research or method path","early-stage","internal","https://hardmagic.com/methods/","strong"
"/insights/","Declared page intent; confirm against editorial brief.","Enterprise advisory","header-cta","contact/","Qualified consultation intake","early-stage","internal","https://hardmagic.com/contact/","strong"
"/insights/","Declared page intent; confirm against editorial brief.","Ready to move Read the lead essay Use the relevant intake or engagement route.","enterprise-cta-option","/contact/","Qualified consultation intake","early-stage","internal","https://hardmagic.com/contact/","strong"
"/insights/","Declared page intent; confirm against editorial brief.","Still framing the question Browse the methods Continue through a relevant brief, insight, method, or product.","enterprise-cta-option","/methods/","Research or method path","early-stage","internal","https://hardmagic.com/methods/","strong"
"/insights/","Declared page intent; confirm against editorial brief.","Read the lead essay","button dark-button","/contact/","Qualified consultation intake","primary","internal","https://hardmagic.com/contact/","strong"
"/insights/25-years-from-brand-studio-to-ai-company/","Declared page intent; confirm against editorial brief.","Enterprise advisory","header-cta","contact/","Qualified consultation intake","early-stage","internal","https://hardmagic.com/contact/","strong"
"/insights/25-years-from-brand-studio-to-ai-company/","Declared page intent; confirm against editorial brief.","Explore current products ↗","text-link","/products/","Product-qualified evaluation","early-stage","internal","https://hardmagic.com/products/","strong"
"/insights/25-years-from-brand-studio-to-ai-company/","Declared page intent; confirm against editorial brief.","Ready to move Discuss the next transformation Use the relevant intake or engagement route.","enterprise-cta-option","/contact/","Qualified consultation intake","early-stage","internal","https://hardmagic.com/contact/","strong"
"/insights/25-years-from-brand-studio-to-ai-company/","Declared page intent; confirm against editorial brief.","Still framing the question Explore current products Continue through a relevant brief, insight, method, or product.","enterprise-cta-option","/products/","Product-qualified evaluation","early-stage","internal","https://hardmagic.com/products/","strong"
"/insights/25-years-from-brand-studio-to-ai-company/","Declared page intent; confirm against editorial brief.","Discuss the next transformation","button dark-button","/contact/","Qualified consultation intake","primary","internal","https://hardmagic.com/contact/","strong"
"/insights/25-years-from-brand-studio-to-ai-company/","Declared page intent; confirm against editorial brief.","Read Horizon 2035","button ghost","horizon/","Research or method path","primary","internal","https://hardmagic.com/horizon/","strong"
"/insights/accessibility-is-art-direction/","Declared page intent; confirm against editorial brief.","Enterprise advisory","header-cta","contact/","Qualified consultation intake","early-stage","internal","https://hardmagic.com/contact/","strong"
"/insights/accessibility-is-art-direction/","Declared page intent; confirm against editorial brief.","Ready to move Request an accessibility review Use the relevant intake or engagement route.","enterprise-cta-option","/contact/","Qualified consultation intake","early-stage","internal","https://hardmagic.com/contact/","strong"
"/insights/accessibility-is-art-direction/","Declared page intent; confirm against editorial brief.","Still framing the question Use the critique prompts Continue through a relevant brief, insight, method, or product.","enterprise-cta-option","/methods/accessibility-as-editorial/","Research or method path","early-stage","internal","https://hardmagic.com/methods/accessibility-as-editorial/","strong"
"/insights/accessibility-is-art-direction/","Declared page intent; confirm against editorial brief.","Use the critique prompts ↗","text-link","/methods/accessibility-as-editorial/","Research or method path","early-stage","internal","https://hardmagic.com/methods/accessibility-as-editorial/","strong"
"/insights/accessibility-is-art-direction/","Declared page intent; confirm against editorial brief.","Request an accessibility review","button dark-button","/contact/","Qualified consultation intake","primary","internal","https://hardmagic.com/contact/","strong"
"/insights/brand-memory-in-generative-systems/","Declared page intent; confirm against editorial brief.","Enterprise advisory","header-cta","contact/","Qualified consultation intake","early-stage","internal","https://hardmagic.com/contact/","strong"
"/insights/brand-memory-in-generative-systems/","Declared page intent; confirm against editorial brief.","Ready to move Build brand memory Use the relevant intake or engagement route.","enterprise-cta-option","/services/brand-systems/","Specific service solution","early-stage","internal","https://hardmagic.com/services/brand-systems/","strong"
"/insights/brand-memory-in-generative-systems/","Declared page intent; confirm against editorial brief.","Still framing the question Use the brand-memory method Continue through a relevant brief, insight, method, or product.","enterprise-cta-option","/methods/brand-memory/","Research or method path","early-stage","internal","https://hardmagic.com/methods/brand-memory/","strong"
"/insights/brand-memory-in-generative-systems/","Declared page intent; confirm against editorial brief.","Use the brand-memory method ↗","text-link","/methods/brand-memory/","Research or method path","early-stage","internal","https://hardmagic.com/methods/brand-memory/","strong"
"/insights/brand-memory-in-generative-systems/","Declared page intent; confirm against editorial brief.","Build brand memory","button dark-button","/services/brand-systems/","Specific service solution","primary","internal","https://hardmagic.com/services/brand-systems/","strong"
"/insights/creative-direction-after-model-abundance/","Declared page intent; confirm against editorial brief.","Enterprise advisory","header-cta","contact/","Qualified consultation intake","early-stage","internal","https://hardmagic.com/contact/","strong"
"/insights/creative-direction-after-model-abundance/","Declared page intent; confirm against editorial brief.","Read the creative-direction brief ↗","text-link","/briefs/creative-direction-after-the-prompt/","BriefLock private delivery","early-stage","internal","https://hardmagic.com/briefs/creative-direction-after-the-prompt/","strong"
"/insights/creative-direction-after-model-abundance/","Declared page intent; confirm against editorial brief.","Ready to move Discuss creative direction Use the relevant intake or engagement route.","enterprise-cta-option","/contact/creative-direction/","Qualified consultation intake","early-stage","internal","https://hardmagic.com/contact/creative-direction/","strong"
"/insights/creative-direction-after-model-abundance/","Declared page intent; confirm against editorial brief.","Still framing the question Read the creative-direction brief Continue through a relevant brief, insight, method, or product.","enterprise-cta-option","/briefs/creative-direction-after-the-prompt/","BriefLock private delivery","early-stage","internal","https://hardmagic.com/briefs/creative-direction-after-the-prompt/","strong"
"/insights/creative-direction-after-model-abundance/","Declared page intent; confirm against editorial brief.","Discuss creative direction","button ghost","/contact/creative-direction/","Qualified consultation intake","primary","internal","https://hardmagic.com/contact/creative-direction/","strong"
"/insights/from-prompting-to-production-systems/","Declared page intent; confirm against editorial brief.","Enterprise advisory","header-cta","contact/","Qualified consultation intake","early-stage","internal","https://hardmagic.com/contact/","strong"
"/insights/from-prompting-to-production-systems/","Declared page intent; confirm against editorial brief.","Read the provenance supply-chain brief ↗","text-link","/briefs/provenance-ready-content-supply-chain/","BriefLock private delivery","early-stage","internal","https://hardmagic.com/briefs/provenance-ready-content-supply-chain/","strong"
"/insights/from-prompting-to-production-systems/","Declared page intent; confirm against editorial brief.","Ready to move Assess a workflow Use the relevant intake or engagement route.","enterprise-cta-option","/contact/genai/","Qualified consultation intake","early-stage","internal","https://hardmagic.com/contact/genai/","strong"
"/insights/from-prompting-to-production-systems/","Declared page intent; confirm against editorial brief.","Still framing the question Read the provenance supply-chain brief Continue through a relevant brief, insight, method, or product.","enterprise-cta-option","/briefs/provenance-ready-content-supply-chain/","BriefLock private delivery","early-stage","internal","https://hardmagic.com/briefs/provenance-ready-content-supply-chain/","strong"
"/insights/from-prompting-to-production-systems/","Declared page intent; confirm against editorial brief.","Assess a workflow","button ghost","/contact/genai/","Qualified consultation intake","primary","internal","https://hardmagic.com/contact/genai/","strong"
"/insights/how-to-evaluate-a-genai-pilot/","Declared page intent; confirm against editorial brief.","Enterprise advisory","header-cta","contact/","Qualified consultation intake","early-stage","internal","https://hardmagic.com/contact/","strong"
"/insights/how-to-evaluate-a-genai-pilot/","Declared page intent; confirm against editorial brief.","Read the GenAI operating brief ↗","text-link","/briefs/generative-media-operating-system/","BriefLock private delivery","early-stage","internal","https://hardmagic.com/briefs/generative-media-operating-system/","strong"
"/insights/how-to-evaluate-a-genai-pilot/","Declared page intent; confirm against editorial brief.","Ready to move Review a pilot Use the relevant intake or engagement route.","enterprise-cta-option","/engagements/genai-lab/","Specific engagement solution","early-stage","internal","https://hardmagic.com/engagements/genai-lab/","strong"
"/insights/how-to-evaluate-a-genai-pilot/","Declared page intent; confirm against editorial brief.","Still framing the question Read the GenAI operating brief Continue through a relevant brief, insight, method, or product.","enterprise-cta-option","/briefs/generative-media-operating-system/","BriefLock private delivery","early-stage","internal","https://hardmagic.com/briefs/generative-media-operating-system/","strong"
"/insights/how-to-evaluate-a-genai-pilot/","Declared page intent; confirm against editorial brief.","Review a pilot","button ghost","/engagements/genai-lab/","Specific engagement solution","primary","internal","https://hardmagic.com/engagements/genai-lab/","strong"
"/insights/hybrid-inference-is-a-governance-decision/","Declared page intent; confirm against editorial brief.","Compare scenarios ↗","text-link","/methods/hybrid-inference/","Research or method path","early-stage","internal","https://hardmagic.com/methods/hybrid-inference/","strong"
"/insights/hybrid-inference-is-a-governance-decision/","Declared page intent; confirm against editorial brief.","Enterprise advisory","header-cta","contact/","Qualified consultation intake","early-stage","internal","https://hardmagic.com/contact/","strong"
"/insights/hybrid-inference-is-a-governance-decision/","Declared page intent; confirm against editorial brief.","Ready to move Review infrastructure Use the relevant intake or engagement route.","enterprise-cta-option","/contact/genai/","Qualified consultation intake","early-stage","internal","https://hardmagic.com/contact/genai/","strong"
"/insights/hybrid-inference-is-a-governance-decision/","Declared page intent; confirm against editorial brief.","Still framing the question Compare scenarios Continue through a relevant brief, insight, method, or product.","enterprise-cta-option","/methods/hybrid-inference/","Research or method path","early-stage","internal","https://hardmagic.com/methods/hybrid-inference/","strong"
"/insights/hybrid-inference-is-a-governance-decision/","Declared page intent; confirm against editorial brief.","Review infrastructure","button dark-button","/contact/genai/","Qualified consultation intake","primary","internal","https://hardmagic.com/contact/genai/","strong"
"/insights/marketing-operations-for-small-expert-teams/","Declared page intent; confirm against editorial brief.","Enterprise advisory","header-cta","contact/","Qualified consultation intake","early-stage","internal","https://hardmagic.com/contact/","strong"
"/insights/marketing-operations-for-small-expert-teams/","Declared page intent; confirm against editorial brief.","Ready to move Review marketing operations Use the relevant intake or engagement route.","enterprise-cta-option","/contact/marketing-consulting/","Qualified consultation intake","early-stage","internal","https://hardmagic.com/contact/marketing-consulting/","strong"
"/insights/marketing-operations-for-small-expert-teams/","Declared page intent; confirm against editorial brief.","Still framing the question Use the 30/60/90 method Continue through a relevant brief, insight, method, or product.","enterprise-cta-option","/methods/30-60-90-activation/","Research or method path","early-stage","internal","https://hardmagic.com/methods/30-60-90-activation/","strong"
"/insights/marketing-operations-for-small-expert-teams/","Declared page intent; confirm against editorial brief.","Use the 30/60/90 method ↗","text-link","/methods/30-60-90-activation/","Research or method path","early-stage","internal","https://hardmagic.com/methods/30-60-90-activation/","strong"
"/insights/marketing-operations-for-small-expert-teams/","Declared page intent; confirm against editorial brief.","Review marketing operations","button dark-button","/contact/marketing-consulting/","Qualified consultation intake","primary","internal","https://hardmagic.com/contact/marketing-consulting/","strong"
"/insights/provenance-without-killing-creative-flow/","Declared page intent; confirm against editorial brief.","Enterprise advisory","header-cta","contact/","Qualified consultation intake","early-stage","internal","https://hardmagic.com/contact/","strong"
"/insights/provenance-without-killing-creative-flow/","Declared page intent; confirm against editorial brief.","Ready to move Discuss provenance architecture Use the relevant intake or engagement route.","enterprise-cta-option","/contact/","Qualified consultation intake","early-stage","internal","https://hardmagic.com/contact/","strong"
"/insights/provenance-without-killing-creative-flow/","Declared page intent; confirm against editorial brief.","Review WireMark provenance ↗","text-link","/products/wiremark/privacy-provenance/","Product-qualified evaluation","early-stage","internal","https://hardmagic.com/products/wiremark/privacy-provenance/","strong"
"/insights/provenance-without-killing-creative-flow/","Declared page intent; confirm against editorial brief.","Still framing the question Review WireMark provenance Continue through a relevant brief, insight, method, or product.","enterprise-cta-option","/products/wiremark/privacy-provenance/","Product-qualified evaluation","early-stage","internal","https://hardmagic.com/products/wiremark/privacy-provenance/","strong"
"/insights/provenance-without-killing-creative-flow/","Declared page intent; confirm against editorial brief.","Discuss provenance architecture","button ghost","/contact/","Qualified consultation intake","primary","internal","https://hardmagic.com/contact/","strong"
"/insights/static-websites-as-durable-media/","Declared page intent; confirm against editorial brief.","Enterprise advisory","header-cta","contact/","Qualified consultation intake","early-stage","internal","https://hardmagic.com/contact/","strong"
"/insights/static-websites-as-durable-media/","Declared page intent; confirm against editorial brief.","Explore Web Magic ↗","text-link","/products/web-magic/","Product-qualified evaluation","early-stage","internal","https://hardmagic.com/products/web-magic/","strong"
"/insights/static-websites-as-durable-media/","Declared page intent; confirm against editorial brief.","Ready to move Discuss a publication Use the relevant intake or engagement route.","enterprise-cta-option","/services/web-experience/","Specific service solution","early-stage","internal","https://hardmagic.com/services/web-experience/","strong"
"/insights/static-websites-as-durable-media/","Declared page intent; confirm against editorial brief.","Still framing the question Explore Web Magic Continue through a relevant brief, insight, method, or product.","enterprise-cta-option","/products/web-magic/","Product-qualified evaluation","early-stage","internal","https://hardmagic.com/products/web-magic/","strong"
"/insights/static-websites-as-durable-media/","Declared page intent; confirm against editorial brief.","Discuss a publication","button dark-button","/services/web-experience/","Specific service solution","primary","internal","https://hardmagic.com/services/web-experience/","strong"
"/insights/the-case-for-agent-readable-creative-operations/","Declared page intent; confirm against editorial brief.","Enterprise advisory","header-cta","contact/","Qualified consultation intake","early-stage","internal","https://hardmagic.com/contact/","strong"
"/insights/the-case-for-agent-readable-creative-operations/","Declared page intent; confirm against editorial brief.","Ready to move Design an operating contract Use the relevant intake or engagement route.","enterprise-cta-option","/contact/genai/","Qualified consultation intake","early-stage","internal","https://hardmagic.com/contact/genai/","strong"
"/insights/the-case-for-agent-readable-creative-operations/","Declared page intent; confirm against editorial brief.","Still framing the question Use the human-agent method Continue through a relevant brief, insight, method, or product.","enterprise-cta-option","/methods/human-agent-creative-loop/","Research or method path","early-stage","internal","https://hardmagic.com/methods/human-agent-creative-loop/","strong"
"/insights/the-case-for-agent-readable-creative-operations/","Declared page intent; confirm against editorial brief.","Use the human-agent method ↗","text-link","/methods/human-agent-creative-loop/","Research or method path","early-stage","internal","https://hardmagic.com/methods/human-agent-creative-loop/","strong"
"/insights/the-case-for-agent-readable-creative-operations/","Declared page intent; confirm against editorial brief.","Design an operating contract","button ghost","/contact/genai/","Qualified consultation intake","primary","internal","https://hardmagic.com/contact/genai/","strong"
"/insights/the-cost-of-model-first-product-design/","Declared page intent; confirm against editorial brief.","Enterprise advisory","header-cta","contact/","Qualified consultation intake","early-stage","internal","https://hardmagic.com/contact/","strong"
"/insights/the-cost-of-model-first-product-design/","Declared page intent; confirm against editorial brief.","Explore WireMark ↗","text-link","/products/wiremark/","Product-qualified evaluation","early-stage","internal","https://hardmagic.com/products/wiremark/","strong"
"/insights/the-cost-of-model-first-product-design/","Declared page intent; confirm against editorial brief.","Ready to move Discuss a WireMark product evaluation Use the relevant intake or engagement route.","enterprise-cta-option","/contact/","Qualified consultation intake","early-stage","internal","https://hardmagic.com/contact/","strong"
"/insights/the-cost-of-model-first-product-design/","Declared page intent; confirm against editorial brief.","Still framing the question Explore WireMark Continue through a relevant brief, insight, method, or product.","enterprise-cta-option","/products/wiremark/","Product-qualified evaluation","early-stage","internal","https://hardmagic.com/products/wiremark/","strong"
"/insights/the-cost-of-model-first-product-design/","Declared page intent; confirm against editorial brief.","Discuss a WireMark product evaluation","button dark-button","/contact/","Qualified consultation intake","primary","internal","https://hardmagic.com/contact/","strong"
"/insights/the-running-product-is-the-brief/","Declared page intent; confirm against editorial brief.","Enterprise advisory","header-cta","contact/","Qualified consultation intake","early-stage","internal","https://hardmagic.com/contact/","strong"
"/insights/the-running-product-is-the-brief/","Declared page intent; confirm against editorial brief.","Explore WireMark ↗","text-link","/products/wiremark/","Product-qualified evaluation","early-stage","internal","https://hardmagic.com/products/wiremark/","strong"
"/insights/the-running-product-is-the-brief/","Declared page intent; confirm against editorial brief.","Ready to move Discuss a WireMark evaluation Use the relevant intake or engagement route.","enterprise-cta-option","/contact/","Qualified consultation intake","early-stage","internal","https://hardmagic.com/contact/","strong"
"/insights/the-running-product-is-the-brief/","Declared page intent; confirm against editorial brief.","Still framing the question Explore WireMark Continue through a relevant brief, insight, method, or product.","enterprise-cta-option","/products/wiremark/","Product-qualified evaluation","early-stage","internal","https://hardmagic.com/products/wiremark/","strong"
"/insights/the-running-product-is-the-brief/","Declared page intent; confirm against editorial brief.","Discuss a WireMark evaluation","button dark-button","/contact/","Qualified consultation intake","primary","internal","https://hardmagic.com/contact/","strong"
"/insights/what-a-modern-media-control-room-needs/","Declared page intent; confirm against editorial brief.","Enterprise advisory","header-cta","contact/","Qualified consultation intake","early-stage","internal","https://hardmagic.com/contact/","strong"
"/insights/what-a-modern-media-control-room-needs/","Declared page intent; confirm against editorial brief.","Inspect the Photo Curator workflow ↗","text-link","/products/photo-curator/","Product-qualified evaluation","early-stage","internal","https://hardmagic.com/products/photo-curator/","strong"
"/insights/what-a-modern-media-control-room-needs/","Declared page intent; confirm against editorial brief.","Ready to move Scope media operations Use the relevant intake or engagement route.","enterprise-cta-option","/engagements/managed-media-desk/","Specific engagement solution","early-stage","internal","https://hardmagic.com/engagements/managed-media-desk/","strong"
"/insights/what-a-modern-media-control-room-needs/","Declared page intent; confirm against editorial brief.","Still framing the question Inspect the Photo Curator workflow Continue through a relevant brief, insight, method, or product.","enterprise-cta-option","/products/photo-curator/","Product-qualified evaluation","early-stage","internal","https://hardmagic.com/products/photo-curator/","strong"
"/insights/what-a-modern-media-control-room-needs/","Declared page intent; confirm against editorial brief.","Scope media operations","button dark-button","/engagements/managed-media-desk/","Specific engagement solution","primary","internal","https://hardmagic.com/engagements/managed-media-desk/","strong"
"/insights/why-media-collections-lose-their-value/","Declared page intent; confirm against editorial brief.","Enterprise advisory","header-cta","contact/","Qualified consultation intake","early-stage","internal","https://hardmagic.com/contact/","strong"
"/insights/why-media-collections-lose-their-value/","Declared page intent; confirm against editorial brief.","Read the media asset-estate brief ↗","text-link","/briefs/intelligent-media-asset-estate/","BriefLock private delivery","early-stage","internal","https://hardmagic.com/briefs/intelligent-media-asset-estate/","strong"
"/insights/why-media-collections-lose-their-value/","Declared page intent; confirm against editorial brief.","Ready to move Assess a collection Use the relevant intake or engagement route.","enterprise-cta-option","/contact/media-management/","Qualified consultation intake","early-stage","internal","https://hardmagic.com/contact/media-management/","strong"
"/insights/why-media-collections-lose-their-value/","Declared page intent; confirm against editorial brief.","Still framing the question Read the media asset-estate brief Continue through a relevant brief, insight, method, or product.","enterprise-cta-option","/briefs/intelligent-media-asset-estate/","BriefLock private delivery","early-stage","internal","https://hardmagic.com/briefs/intelligent-media-asset-estate/","strong"
"/insights/why-media-collections-lose-their-value/","Declared page intent; confirm against editorial brief.","Assess a collection","button ghost","/contact/media-management/","Qualified consultation intake","primary","internal","https://hardmagic.com/contact/media-management/","strong"
"/methods/","Declared page intent; confirm against editorial brief.","Browse the insights ↗","text-link","/insights/","Research or method path","early-stage","internal","https://hardmagic.com/insights/","strong"
"/methods/","Declared page intent; confirm against editorial brief.","Enterprise advisory","header-cta","contact/","Qualified consultation intake","early-stage","internal","https://hardmagic.com/contact/","strong"
"/methods/","Declared page intent; confirm against editorial brief.","Ready to move Apply a method Use the relevant intake or engagement route.","enterprise-cta-option","/engagements/","Specific engagement solution","early-stage","internal","https://hardmagic.com/engagements/","strong"
"/methods/","Declared page intent; confirm against editorial brief.","Still framing the question Browse the insights Continue through a relevant brief, insight, method, or product.","enterprise-cta-option","/insights/","Research or method path","early-stage","internal","https://hardmagic.com/insights/","strong"
"/methods/","Declared page intent; confirm against editorial brief.","Apply a method","button ghost","/engagements/","Specific engagement solution","primary","internal","https://hardmagic.com/engagements/","strong"
"/methods/30-60-90-activation/","Declared page intent; confirm against editorial brief.","Enterprise advisory","header-cta","contact/","Qualified consultation intake","early-stage","internal","https://hardmagic.com/contact/","strong"
"/methods/30-60-90-activation/","Declared page intent; confirm against editorial brief.","Read the GenAI operating brief ↗","text-link","/briefs/generative-media-operating-system/","BriefLock private delivery","early-stage","internal","https://hardmagic.com/briefs/generative-media-operating-system/","strong"
"/methods/30-60-90-activation/","Declared page intent; confirm against editorial brief.","Ready to move Plan a 90-day GenAI activation Use the relevant intake or engagement route.","enterprise-cta-option","/engagements/genai-lab/","Specific engagement solution","early-stage","internal","https://hardmagic.com/engagements/genai-lab/","strong"
"/methods/30-60-90-activation/","Declared page intent; confirm against editorial brief.","Still framing the question Read the GenAI operating brief Continue through a relevant brief, insight, method, or product.","enterprise-cta-option","/briefs/generative-media-operating-system/","BriefLock private delivery","early-stage","internal","https://hardmagic.com/briefs/generative-media-operating-system/","strong"
"/methods/30-60-90-activation/","Declared page intent; confirm against editorial brief.","Plan a 90-day GenAI activation","button ghost","/engagements/genai-lab/","Specific engagement solution","primary","internal","https://hardmagic.com/engagements/genai-lab/","strong"
"/methods/accessibility-as-editorial/","Declared page intent; confirm against editorial brief.","Enterprise advisory","header-cta","contact/","Qualified consultation intake","early-stage","internal","https://hardmagic.com/contact/","strong"
"/methods/accessibility-as-editorial/","Declared page intent; confirm against editorial brief.","Explore Web Accessibility ↗","text-link","/products/web-magic/accessibility/","Product-qualified evaluation","early-stage","internal","https://hardmagic.com/products/web-magic/accessibility/","strong"
"/methods/accessibility-as-editorial/","Declared page intent; confirm against editorial brief.","Ready to move Request an inclusive review Use the relevant intake or engagement route.","enterprise-cta-option","/contact/","Qualified consultation intake","early-stage","internal","https://hardmagic.com/contact/","strong"
"/methods/accessibility-as-editorial/","Declared page intent; confirm against editorial brief.","Still framing the question Explore Web Accessibility Continue through a relevant brief, insight, method, or product.","enterprise-cta-option","/products/web-magic/accessibility/","Product-qualified evaluation","early-stage","internal","https://hardmagic.com/products/web-magic/accessibility/","strong"
"/methods/accessibility-as-editorial/","Declared page intent; confirm against editorial brief.","Request an inclusive review","button ghost","/contact/","Qualified consultation intake","primary","internal","https://hardmagic.com/contact/","strong"
"/methods/brand-memory/","Declared page intent; confirm against editorial brief.","Enterprise advisory","header-cta","contact/","Qualified consultation intake","early-stage","internal","https://hardmagic.com/contact/","strong"
"/methods/brand-memory/","Declared page intent; confirm against editorial brief.","Read the brand-memory essay ↗","text-link","/insights/brand-memory-in-generative-systems/","Research or method path","early-stage","internal","https://hardmagic.com/insights/brand-memory-in-generative-systems/","strong"
"/methods/brand-memory/","Declared page intent; confirm against editorial brief.","Ready to move Build brand memory Use the relevant intake or engagement route.","enterprise-cta-option","/services/brand-systems/","Specific service solution","early-stage","internal","https://hardmagic.com/services/brand-systems/","strong"
"/methods/brand-memory/","Declared page intent; confirm against editorial brief.","Still framing the question Read the brand-memory essay Continue through a relevant brief, insight, method, or product.","enterprise-cta-option","/insights/brand-memory-in-generative-systems/","Research or method path","early-stage","internal","https://hardmagic.com/insights/brand-memory-in-generative-systems/","strong"
"/methods/brand-memory/","Declared page intent; confirm against editorial brief.","Build brand memory","button ghost","/services/brand-systems/","Specific service solution","primary","internal","https://hardmagic.com/services/brand-systems/","strong"
"/methods/collection-to-intelligence/","Declared page intent; confirm against editorial brief.","Enterprise advisory","header-cta","contact/","Qualified consultation intake","early-stage","internal","https://hardmagic.com/contact/","strong"
"/methods/collection-to-intelligence/","Declared page intent; confirm against editorial brief.","Read the media asset-estate brief ↗","text-link","/briefs/intelligent-media-asset-estate/","BriefLock private delivery","early-stage","internal","https://hardmagic.com/briefs/intelligent-media-asset-estate/","strong"
"/methods/collection-to-intelligence/","Declared page intent; confirm against editorial brief.","Ready to move Assess a source collection Use the relevant intake or engagement route.","enterprise-cta-option","/contact/media-management/","Qualified consultation intake","early-stage","internal","https://hardmagic.com/contact/media-management/","strong"
"/methods/collection-to-intelligence/","Declared page intent; confirm against editorial brief.","Still framing the question Read the media asset-estate brief Continue through a relevant brief, insight, method, or product.","enterprise-cta-option","/briefs/intelligent-media-asset-estate/","BriefLock private delivery","early-stage","internal","https://hardmagic.com/briefs/intelligent-media-asset-estate/","strong"
"/methods/collection-to-intelligence/","Declared page intent; confirm against editorial brief.","Assess a source collection","button dark-button","/contact/media-management/","Qualified consultation intake","primary","internal","https://hardmagic.com/contact/media-management/","strong"
"/methods/evidence-loop/","Declared page intent; confirm against editorial brief.","Enterprise advisory","header-cta","contact/","Qualified consultation intake","early-stage","internal","https://hardmagic.com/contact/","strong"
"/methods/evidence-loop/","Declared page intent; confirm against editorial brief.","Inspect Web Magic delivery ↗","text-link","/products/web-magic/delivery/","Product-qualified evaluation","early-stage","internal","https://hardmagic.com/products/web-magic/delivery/","strong"
"/methods/evidence-loop/","Declared page intent; confirm against editorial brief.","Ready to move Build an evidence loop Use the relevant intake or engagement route.","enterprise-cta-option","/engagements/transformation-sprint/","Specific engagement solution","early-stage","internal","https://hardmagic.com/engagements/transformation-sprint/","strong"
"/methods/evidence-loop/","Declared page intent; confirm against editorial brief.","Still framing the question Inspect Web Magic delivery Continue through a relevant brief, insight, method, or product.","enterprise-cta-option","/products/web-magic/delivery/","Product-qualified evaluation","early-stage","internal","https://hardmagic.com/products/web-magic/delivery/","strong"
"/methods/evidence-loop/","Declared page intent; confirm against editorial brief.","Build an evidence loop","button dark-button","/engagements/transformation-sprint/","Specific engagement solution","primary","internal","https://hardmagic.com/engagements/transformation-sprint/","strong"
"/methods/human-agent-creative-loop/","Declared page intent; confirm against editorial brief.","Enterprise advisory","header-cta","contact/","Qualified consultation intake","early-stage","internal","https://hardmagic.com/contact/","strong"
"/methods/human-agent-creative-loop/","Declared page intent; confirm against editorial brief.","Explore agent skills ↗","text-link","/products/cli/agent-skills/","Product-qualified evaluation","early-stage","internal","https://hardmagic.com/products/cli/agent-skills/","strong"
"/methods/human-agent-creative-loop/","Declared page intent; confirm against editorial brief.","Ready to move Design an agent workflow Use the relevant intake or engagement route.","enterprise-cta-option","/contact/genai/","Qualified consultation intake","early-stage","internal","https://hardmagic.com/contact/genai/","strong"
"/methods/human-agent-creative-loop/","Declared page intent; confirm against editorial brief.","Still framing the question Explore agent skills Continue through a relevant brief, insight, method, or product.","enterprise-cta-option","/products/cli/agent-skills/","Product-qualified evaluation","early-stage","internal","https://hardmagic.com/products/cli/agent-skills/","strong"
"/methods/human-agent-creative-loop/","Declared page intent; confirm against editorial brief.","Design an agent workflow","button dark-button","/contact/genai/","Qualified consultation intake","primary","internal","https://hardmagic.com/contact/genai/","strong"
"/methods/hybrid-inference/","Declared page intent; confirm against editorial brief.","Enterprise advisory","header-cta","contact/","Qualified consultation intake","early-stage","internal","https://hardmagic.com/contact/","strong"
"/methods/hybrid-inference/","Declared page intent; confirm against editorial brief.","Read the hybrid-infrastructure brief ↗","text-link","/briefs/hybrid-ai-media-infrastructure/","BriefLock private delivery","early-stage","internal","https://hardmagic.com/briefs/hybrid-ai-media-infrastructure/","strong"
"/methods/hybrid-inference/","Declared page intent; confirm against editorial brief.","Ready to move Model an inference estate Use the relevant intake or engagement route.","enterprise-cta-option","/contact/genai/","Qualified consultation intake","early-stage","internal","https://hardmagic.com/contact/genai/","strong"
"/methods/hybrid-inference/","Declared page intent; confirm against editorial brief.","Still framing the question Read the hybrid-infrastructure brief Continue through a relevant brief, insight, method, or product.","enterprise-cta-option","/briefs/hybrid-ai-media-infrastructure/","BriefLock private delivery","early-stage","internal","https://hardmagic.com/briefs/hybrid-ai-media-infrastructure/","strong"
"/methods/hybrid-inference/","Declared page intent; confirm against editorial brief.","Model an inference estate","button dark-button","/contact/genai/","Qualified consultation intake","primary","internal","https://hardmagic.com/contact/genai/","strong"
"/methods/intent-to-system/","Declared page intent; confirm against editorial brief.","Enterprise advisory","header-cta","contact/","Qualified consultation intake","early-stage","internal","https://hardmagic.com/contact/","strong"
"/methods/intent-to-system/","Declared page intent; confirm against editorial brief.","Read the GenAI operating brief ↗","text-link","/briefs/generative-media-operating-system/","BriefLock private delivery","early-stage","internal","https://hardmagic.com/briefs/generative-media-operating-system/","strong"
"/methods/intent-to-system/","Declared page intent; confirm against editorial brief.","Ready to move Run an intent workshop Use the relevant intake or engagement route.","enterprise-cta-option","/engagements/transformation-sprint/","Specific engagement solution","early-stage","internal","https://hardmagic.com/engagements/transformation-sprint/","strong"
"/methods/intent-to-system/","Declared page intent; confirm against editorial brief.","Still framing the question Read the GenAI operating brief Continue through a relevant brief, insight, method, or product.","enterprise-cta-option","/briefs/generative-media-operating-system/","BriefLock private delivery","early-stage","internal","https://hardmagic.com/briefs/generative-media-operating-system/","strong"
"/methods/intent-to-system/","Declared page intent; confirm against editorial brief.","Run an intent workshop","button dark-button","/engagements/transformation-sprint/","Specific engagement solution","primary","internal","https://hardmagic.com/engagements/transformation-sprint/","strong"
"/portfolio/","Declared page intent; confirm against editorial brief.","Enterprise advisory","header-cta","contact/","Qualified consultation intake","early-stage","internal","https://hardmagic.com/contact/","strong"
"/portfolio/","Declared page intent; confirm against editorial brief.","See how this practice operates now","button ghost","products/","Product-qualified evaluation","primary","internal","https://hardmagic.com/products/","strong"
"/portfolio/airikai/","Declared page intent; confirm against editorial brief.","Enterprise advisory","header-cta","contact/","Qualified consultation intake","early-stage","internal","https://hardmagic.com/contact/","strong"
"/portfolio/airikai/","Declared page intent; confirm against editorial brief.","HardMagic Studio","button ghost","products/studio/","Product-qualified evaluation","primary","internal","https://hardmagic.com/products/studio/","strong"
"/portfolio/fashionx/","Declared page intent; confirm against editorial brief.","Enterprise advisory","header-cta","contact/","Qualified consultation intake","early-stage","internal","https://hardmagic.com/contact/","strong"
"/portfolio/fashionx/","Declared page intent; confirm against editorial brief.","HardMagic Studio","button ghost","products/studio/","Product-qualified evaluation","primary","internal","https://hardmagic.com/products/studio/","strong"
"/portfolio/focuspass/","Declared page intent; confirm against editorial brief.","Enterprise advisory","header-cta","contact/","Qualified consultation intake","early-stage","internal","https://hardmagic.com/contact/","strong"
"/portfolio/focuspass/","Declared page intent; confirm against editorial brief.","WireMark","button ghost","products/wiremark/","Product-qualified evaluation","primary","internal","https://hardmagic.com/products/wiremark/","strong"
"/portfolio/pedadida/","Declared page intent; confirm against editorial brief.","Enterprise advisory","header-cta","contact/","Qualified consultation intake","early-stage","internal","https://hardmagic.com/contact/","strong"
"/portfolio/pedadida/","Declared page intent; confirm against editorial brief.","HardMagic Agent (CLI)","button ghost","products/cli/","Product-qualified evaluation","primary","internal","https://hardmagic.com/products/cli/","strong"
"/portfolio/pranashama/","Declared page intent; confirm against editorial brief.","Enterprise advisory","header-cta","contact/","Qualified consultation intake","early-stage","internal","https://hardmagic.com/contact/","strong"
"/portfolio/pranashama/","Declared page intent; confirm against editorial brief.","HardMagic Studio","button ghost","products/studio/","Product-qualified evaluation","primary","internal","https://hardmagic.com/products/studio/","strong"
"/portfolio/state-parks/","Declared page intent; confirm against editorial brief.","Enterprise advisory","header-cta","contact/","Qualified consultation intake","early-stage","internal","https://hardmagic.com/contact/","strong"
"/portfolio/state-parks/","Declared page intent; confirm against editorial brief.","HardMagic Studio","button ghost","products/studio/","Product-qualified evaluation","primary","internal","https://hardmagic.com/products/studio/","strong"
"/portfolio/tao-cottage/","Declared page intent; confirm against editorial brief.","Enterprise advisory","header-cta","contact/","Qualified consultation intake","early-stage","internal","https://hardmagic.com/contact/","strong"
"/portfolio/tao-cottage/","Declared page intent; confirm against editorial brief.","Web Magic","button ghost","products/web-magic/","Product-qualified evaluation","primary","internal","https://hardmagic.com/products/web-magic/","strong"
"/portfolio/taolo/","Declared page intent; confirm against editorial brief.","Enterprise advisory","header-cta","contact/","Qualified consultation intake","early-stage","internal","https://hardmagic.com/contact/","strong"
"/portfolio/taolo/","Declared page intent; confirm against editorial brief.","HardMagic Studio","button ghost","products/studio/","Product-qualified evaluation","primary","internal","https://hardmagic.com/products/studio/","strong"
"/privacy/","Declared page intent; confirm against editorial brief.","Enterprise advisory","header-cta","contact/","Qualified consultation intake","early-stage","internal","https://hardmagic.com/contact/","strong"
"/products/","Declared page intent; confirm against editorial brief.","Enterprise advisory","header-cta","contact/","Qualified consultation intake","early-stage","internal","https://hardmagic.com/contact/","strong"
"/products/","Declared page intent; confirm against editorial brief.","Talk to HardMagic","button dark-button","contact/","Qualified consultation intake","primary","internal","https://hardmagic.com/contact/","strong"
"/products/cli/","Declared page intent; confirm against editorial brief.","Enterprise advisory","header-cta","contact/","Qualified consultation intake","early-stage","internal","https://hardmagic.com/contact/","strong"
"/products/cli/","Declared page intent; confirm against editorial brief.","Talk with us","button dark-button","contact/","Qualified consultation intake","primary","internal","https://hardmagic.com/contact/","strong"
"/products/cli/agent-skills/","Declared page intent; confirm against editorial brief.","Enterprise advisory","header-cta","contact/","Qualified consultation intake","early-stage","internal","https://hardmagic.com/contact/","strong"
"/products/cli/agent-skills/","Declared page intent; confirm against editorial brief.","Read the human-agent method ↗","text-link","/methods/human-agent-creative-loop/","Research or method path","early-stage","internal","https://hardmagic.com/methods/human-agent-creative-loop/","strong"
"/products/cli/agent-skills/","Declared page intent; confirm against editorial brief.","Ready to move Discuss a skill integration Use the relevant intake or engagement route.","enterprise-cta-option","/contact/genai/","Qualified consultation intake","early-stage","internal","https://hardmagic.com/contact/genai/","strong"
"/products/cli/agent-skills/","Declared page intent; confirm against editorial brief.","Still framing the question Read the human-agent method Continue through a relevant brief, insight, method, or product.","enterprise-cta-option","/methods/human-agent-creative-loop/","Research or method path","early-stage","internal","https://hardmagic.com/methods/human-agent-creative-loop/","strong"
"/products/cli/agent-skills/","Declared page intent; confirm against editorial brief.","Discuss a skill integration","button dark-button","/contact/genai/","Qualified consultation intake","primary","internal","https://hardmagic.com/contact/genai/","strong"
"/products/cli/automation/","Declared page intent; confirm against editorial brief.","Enterprise advisory","header-cta","contact/","Qualified consultation intake","early-stage","internal","https://hardmagic.com/contact/","strong"
"/products/cli/automation/","Declared page intent; confirm against editorial brief.","Ready to move Discuss CLI automation Use the relevant intake or engagement route.","enterprise-cta-option","/contact/genai/","Qualified consultation intake","early-stage","internal","https://hardmagic.com/contact/genai/","strong"
"/products/cli/automation/","Declared page intent; confirm against editorial brief.","Still framing the question Use the evidence loop Continue through a relevant brief, insight, method, or product.","enterprise-cta-option","/methods/evidence-loop/","Research or method path","early-stage","internal","https://hardmagic.com/methods/evidence-loop/","strong"
"/products/cli/automation/","Declared page intent; confirm against editorial brief.","Use the evidence loop ↗","text-link","/methods/evidence-loop/","Research or method path","early-stage","internal","https://hardmagic.com/methods/evidence-loop/","strong"
"/products/cli/automation/","Declared page intent; confirm against editorial brief.","Discuss CLI automation","button dark-button","/contact/genai/","Qualified consultation intake","primary","internal","https://hardmagic.com/contact/genai/","strong"
"/products/cli/quickstart/","Declared page intent; confirm against editorial brief.","Enterprise advisory","header-cta","contact/","Qualified consultation intake","early-stage","internal","https://hardmagic.com/contact/","strong"
"/products/cli/quickstart/","Declared page intent; confirm against editorial brief.","Read the web-publishing control-plane brief ↗","text-link","/briefs/autonomous-web-publishing-control-plane/","BriefLock private delivery","early-stage","internal","https://hardmagic.com/briefs/autonomous-web-publishing-control-plane/","strong"
"/products/cli/quickstart/","Declared page intent; confirm against editorial brief.","Ready to move Discuss a first CLI workflow Use the relevant intake or engagement route.","enterprise-cta-option","/contact/genai/","Qualified consultation intake","early-stage","internal","https://hardmagic.com/contact/genai/","strong"
"/products/cli/quickstart/","Declared page intent; confirm against editorial brief.","Still framing the question Read the web-publishing control-plane brief Continue through a relevant brief, insight, method, or product.","enterprise-cta-option","/briefs/autonomous-web-publishing-control-plane/","BriefLock private delivery","early-stage","internal","https://hardmagic.com/briefs/autonomous-web-publishing-control-plane/","strong"
"/products/cli/quickstart/","Declared page intent; confirm against editorial brief.","Discuss a first CLI workflow","button dark-button","/contact/genai/","Qualified consultation intake","primary","internal","https://hardmagic.com/contact/genai/","strong"
"/products/cli/security/","Declared page intent; confirm against editorial brief.","Enterprise advisory","header-cta","contact/","Qualified consultation intake","early-stage","internal","https://hardmagic.com/contact/","strong"
"/products/cli/security/","Declared page intent; confirm against editorial brief.","Read the web-publishing control-plane brief ↗","text-link","/briefs/autonomous-web-publishing-control-plane/","BriefLock private delivery","early-stage","internal","https://hardmagic.com/briefs/autonomous-web-publishing-control-plane/","strong"
"/products/cli/security/","Declared page intent; confirm against editorial brief.","Ready to move Review enterprise CLI access Use the relevant intake or engagement route.","enterprise-cta-option","/contact/genai/","Qualified consultation intake","early-stage","internal","https://hardmagic.com/contact/genai/","strong"
"/products/cli/security/","Declared page intent; confirm against editorial brief.","Still framing the question Read the web-publishing control-plane brief Continue through a relevant brief, insight, method, or product.","enterprise-cta-option","/briefs/autonomous-web-publishing-control-plane/","BriefLock private delivery","early-stage","internal","https://hardmagic.com/briefs/autonomous-web-publishing-control-plane/","strong"
"/products/cli/security/","Declared page intent; confirm against editorial brief.","Review enterprise CLI access","button dark-button","/contact/genai/","Qualified consultation intake","primary","internal","https://hardmagic.com/contact/genai/","strong"
"/products/gpu-router/","Declared page intent; confirm against editorial brief.","Enterprise advisory","header-cta","contact/","Qualified consultation intake","early-stage","internal","https://hardmagic.com/contact/","strong"
"/products/gpu-router/","Declared page intent; confirm against editorial brief.","Talk with us","button dark-button","contact/","Qualified consultation intake","primary","internal","https://hardmagic.com/contact/","strong"
"/products/gpu-router/architecture/","Declared page intent; confirm against editorial brief.","Enterprise advisory","header-cta","contact/","Qualified consultation intake","early-stage","internal","https://hardmagic.com/contact/","strong"
"/products/gpu-router/architecture/","Declared page intent; confirm against editorial brief.","Inspect component roles ↗","text-link","/methods/hybrid-inference/","Research or method path","early-stage","internal","https://hardmagic.com/methods/hybrid-inference/","strong"
"/products/gpu-router/architecture/","Declared page intent; confirm against editorial brief.","Ready to move Request architecture review Use the relevant intake or engagement route.","enterprise-cta-option","/contact/genai/","Qualified consultation intake","early-stage","internal","https://hardmagic.com/contact/genai/","strong"
"/products/gpu-router/architecture/","Declared page intent; confirm against editorial brief.","Still framing the question Inspect component roles Continue through a relevant brief, insight, method, or product.","enterprise-cta-option","/methods/hybrid-inference/","Research or method path","early-stage","internal","https://hardmagic.com/methods/hybrid-inference/","strong"
"/products/gpu-router/architecture/","Declared page intent; confirm against editorial brief.","Request architecture review","button dark-button","/contact/genai/","Qualified consultation intake","primary","internal","https://hardmagic.com/contact/genai/","strong"
"/products/gpu-router/benchmarks/","Declared page intent; confirm against editorial brief.","Enterprise advisory","header-cta","contact/","Qualified consultation intake","early-stage","internal","https://hardmagic.com/contact/","strong"
"/products/gpu-router/benchmarks/","Declared page intent; confirm against editorial brief.","Read the hybrid-infrastructure brief ↗","text-link","/briefs/hybrid-ai-media-infrastructure/","BriefLock private delivery","early-stage","internal","https://hardmagic.com/briefs/hybrid-ai-media-infrastructure/","strong"
"/products/gpu-router/benchmarks/","Declared page intent; confirm against editorial brief.","Ready to move Plan a benchmark Use the relevant intake or engagement route.","enterprise-cta-option","/contact/genai/","Qualified consultation intake","early-stage","internal","https://hardmagic.com/contact/genai/","strong"
"/products/gpu-router/benchmarks/","Declared page intent; confirm against editorial brief.","Still framing the question Read the hybrid-infrastructure brief Continue through a relevant brief, insight, method, or product.","enterprise-cta-option","/briefs/hybrid-ai-media-infrastructure/","BriefLock private delivery","early-stage","internal","https://hardmagic.com/briefs/hybrid-ai-media-infrastructure/","strong"
"/products/gpu-router/benchmarks/","Declared page intent; confirm against editorial brief.","Plan a benchmark","button dark-button","/contact/genai/","Qualified consultation intake","primary","internal","https://hardmagic.com/contact/genai/","strong"
"/products/gpu-router/observability/","Declared page intent; confirm against editorial brief.","Enterprise advisory","header-cta","contact/","Qualified consultation intake","early-stage","internal","https://hardmagic.com/contact/","strong"
"/products/gpu-router/observability/","Declared page intent; confirm against editorial brief.","Read the provenance essay ↗","text-link","/insights/provenance-without-killing-creative-flow/","Research or method path","early-stage","internal","https://hardmagic.com/insights/provenance-without-killing-creative-flow/","strong"
"/products/gpu-router/observability/","Declared page intent; confirm against editorial brief.","Ready to move Review telemetry needs Use the relevant intake or engagement route.","enterprise-cta-option","/contact/genai/","Qualified consultation intake","early-stage","internal","https://hardmagic.com/contact/genai/","strong"
"/products/gpu-router/observability/","Declared page intent; confirm against editorial brief.","Still framing the question Read the provenance essay Continue through a relevant brief, insight, method, or product.","enterprise-cta-option","/insights/provenance-without-killing-creative-flow/","Research or method path","early-stage","internal","https://hardmagic.com/insights/provenance-without-killing-creative-flow/","strong"
"/products/gpu-router/observability/","Declared page intent; confirm against editorial brief.","Review telemetry needs","button dark-button","/contact/genai/","Qualified consultation intake","primary","internal","https://hardmagic.com/contact/genai/","strong"
"/products/gpu-router/routing/","Declared page intent; confirm against editorial brief.","Enterprise advisory","header-cta","contact/","Qualified consultation intake","early-stage","internal","https://hardmagic.com/contact/","strong"
"/products/gpu-router/routing/","Declared page intent; confirm against editorial brief.","Ready to move Model a workload Use the relevant intake or engagement route.","enterprise-cta-option","/contact/genai/","Qualified consultation intake","early-stage","internal","https://hardmagic.com/contact/genai/","strong"
"/products/gpu-router/routing/","Declared page intent; confirm against editorial brief.","Review routing criteria ↗","text-link","/methods/hybrid-inference/","Research or method path","early-stage","internal","https://hardmagic.com/methods/hybrid-inference/","strong"
"/products/gpu-router/routing/","Declared page intent; confirm against editorial brief.","Still framing the question Review routing criteria Continue through a relevant brief, insight, method, or product.","enterprise-cta-option","/methods/hybrid-inference/","Research or method path","early-stage","internal","https://hardmagic.com/methods/hybrid-inference/","strong"
"/products/gpu-router/routing/","Declared page intent; confirm against editorial brief.","Model a workload","button dark-button","/contact/genai/","Qualified consultation intake","primary","internal","https://hardmagic.com/contact/genai/","strong"
"/products/photo-curator/","Declared page intent; confirm against editorial brief.","Enterprise advisory","header-cta","contact/","Qualified consultation intake","early-stage","internal","https://hardmagic.com/contact/","strong"
"/products/photo-curator/","Declared page intent; confirm against editorial brief.","Talk with us","button dark-button","contact/","Qualified consultation intake","primary","internal","https://hardmagic.com/contact/","strong"
"/products/photo-curator/connectors/","Declared page intent; confirm against editorial brief.","Enterprise advisory","header-cta","contact/","Qualified consultation intake","early-stage","internal","https://hardmagic.com/contact/","strong"
"/products/photo-curator/connectors/","Declared page intent; confirm against editorial brief.","Ready to move Discuss a connector Use the relevant intake or engagement route.","enterprise-cta-option","/contact/media-management/","Qualified consultation intake","early-stage","internal","https://hardmagic.com/contact/media-management/","strong"
"/products/photo-curator/connectors/","Declared page intent; confirm against editorial brief.","Review compatibility principles ↗","text-link","/methods/collection-to-intelligence/","Research or method path","early-stage","internal","https://hardmagic.com/methods/collection-to-intelligence/","strong"
"/products/photo-curator/connectors/","Declared page intent; confirm against editorial brief.","Still framing the question Review compatibility principles Continue through a relevant brief, insight, method, or product.","enterprise-cta-option","/methods/collection-to-intelligence/","Research or method path","early-stage","internal","https://hardmagic.com/methods/collection-to-intelligence/","strong"
"/products/photo-curator/connectors/","Declared page intent; confirm against editorial brief.","Discuss a connector","button dark-button","/contact/media-management/","Qualified consultation intake","primary","internal","https://hardmagic.com/contact/media-management/","strong"
"/products/photo-curator/duplicates/","Declared page intent; confirm against editorial brief.","Enterprise advisory","header-cta","contact/","Qualified consultation intake","early-stage","internal","https://hardmagic.com/contact/","strong"
"/products/photo-curator/duplicates/","Declared page intent; confirm against editorial brief.","Learn the grouping model ↗","text-link","/methods/collection-to-intelligence/","Research or method path","early-stage","internal","https://hardmagic.com/methods/collection-to-intelligence/","strong"
"/products/photo-curator/duplicates/","Declared page intent; confirm against editorial brief.","Ready to move Evaluate a collection Use the relevant intake or engagement route.","enterprise-cta-option","/contact/media-management/","Qualified consultation intake","early-stage","internal","https://hardmagic.com/contact/media-management/","strong"
"/products/photo-curator/duplicates/","Declared page intent; confirm against editorial brief.","Still framing the question Learn the grouping model Continue through a relevant brief, insight, method, or product.","enterprise-cta-option","/methods/collection-to-intelligence/","Research or method path","early-stage","internal","https://hardmagic.com/methods/collection-to-intelligence/","strong"
"/products/photo-curator/duplicates/","Declared page intent; confirm against editorial brief.","Evaluate a collection","button dark-button","/contact/media-management/","Qualified consultation intake","primary","internal","https://hardmagic.com/contact/media-management/","strong"
"/products/photo-curator/metadata/","Declared page intent; confirm against editorial brief.","Download the field map ↗","text-link","/insights/provenance-without-killing-creative-flow/","Research or method path","early-stage","internal","https://hardmagic.com/insights/provenance-without-killing-creative-flow/","strong"
"/products/photo-curator/metadata/","Declared page intent; confirm against editorial brief.","Enterprise advisory","header-cta","contact/","Qualified consultation intake","early-stage","internal","https://hardmagic.com/contact/","strong"
"/products/photo-curator/metadata/","Declared page intent; confirm against editorial brief.","Ready to move Plan metadata strategy Use the relevant intake or engagement route.","enterprise-cta-option","/contact/media-management/","Qualified consultation intake","early-stage","internal","https://hardmagic.com/contact/media-management/","strong"
"/products/photo-curator/metadata/","Declared page intent; confirm against editorial brief.","Still framing the question Download the field map Continue through a relevant brief, insight, method, or product.","enterprise-cta-option","/insights/provenance-without-killing-creative-flow/","Research or method path","early-stage","internal","https://hardmagic.com/insights/provenance-without-killing-creative-flow/","strong"
"/products/photo-curator/metadata/","Declared page intent; confirm against editorial brief.","Plan metadata strategy","button dark-button","/contact/media-management/","Qualified consultation intake","primary","internal","https://hardmagic.com/contact/media-management/","strong"
"/products/photo-curator/review/","Declared page intent; confirm against editorial brief.","Enterprise advisory","header-cta","contact/","Qualified consultation intake","early-stage","internal","https://hardmagic.com/contact/","strong"
"/products/photo-curator/review/","Declared page intent; confirm against editorial brief.","Read the curation guide ↗","text-link","/methods/collection-to-intelligence/","Research or method path","early-stage","internal","https://hardmagic.com/methods/collection-to-intelligence/","strong"
"/products/photo-curator/review/","Declared page intent; confirm against editorial brief.","Ready to move Design a review room Use the relevant intake or engagement route.","enterprise-cta-option","/contact/media-management/","Qualified consultation intake","early-stage","internal","https://hardmagic.com/contact/media-management/","strong"
"/products/photo-curator/review/","Declared page intent; confirm against editorial brief.","Still framing the question Read the curation guide Continue through a relevant brief, insight, method, or product.","enterprise-cta-option","/methods/collection-to-intelligence/","Research or method path","early-stage","internal","https://hardmagic.com/methods/collection-to-intelligence/","strong"
"/products/photo-curator/review/","Declared page intent; confirm against editorial brief.","Design a review room","button dark-button","/contact/media-management/","Qualified consultation intake","primary","internal","https://hardmagic.com/contact/media-management/","strong"
"/products/studio/","Declared page intent; confirm against editorial brief.","Enterprise advisory","header-cta","contact/","Qualified consultation intake","early-stage","internal","https://hardmagic.com/contact/","strong"
"/products/studio/","Declared page intent; confirm against editorial brief.","Inspect hybrid inference ↗","text-link","products/studio/hybrid-inference/","Product-qualified evaluation","early-stage","internal","https://hardmagic.com/products/studio/hybrid-inference/","strong"
"/products/studio/","Declared page intent; confirm against editorial brief.","See how Studio works","button light","products/studio/","Product-qualified evaluation","primary","internal","https://hardmagic.com/products/studio/","strong"
"/products/studio/","Declared page intent; confirm against editorial brief.","Talk with us","button dark-button","contact/","Qualified consultation intake","primary","internal","https://hardmagic.com/contact/","strong"
"/products/studio/audio/","Declared page intent; confirm against editorial brief.","Enterprise advisory","header-cta","contact/","Qualified consultation intake","early-stage","internal","https://hardmagic.com/contact/","strong"
"/products/studio/audio/","Declared page intent; confirm against editorial brief.","Ready to move Design an audio workflow Use the relevant intake or engagement route.","enterprise-cta-option","/contact/genai/","Qualified consultation intake","early-stage","internal","https://hardmagic.com/contact/genai/","strong"
"/products/studio/audio/","Declared page intent; confirm against editorial brief.","Review the creative-operations method ↗","text-link","/methods/human-agent-creative-loop/","Research or method path","early-stage","internal","https://hardmagic.com/methods/human-agent-creative-loop/","strong"
"/products/studio/audio/","Declared page intent; confirm against editorial brief.","Still framing the question Review the creative-operations method Continue through a relevant brief, insight, method, or product.","enterprise-cta-option","/methods/human-agent-creative-loop/","Research or method path","early-stage","internal","https://hardmagic.com/methods/human-agent-creative-loop/","strong"
"/products/studio/audio/","Declared page intent; confirm against editorial brief.","Design an audio workflow","button dark-button","/contact/genai/","Qualified consultation intake","primary","internal","https://hardmagic.com/contact/genai/","strong"
"/products/studio/hybrid-inference/","Declared page intent; confirm against editorial brief.","Enterprise advisory","header-cta","contact/","Qualified consultation intake","early-stage","internal","https://hardmagic.com/contact/","strong"
"/products/studio/hybrid-inference/","Declared page intent; confirm against editorial brief.","Read the hybrid-infrastructure brief ↗","text-link","/briefs/hybrid-ai-media-infrastructure/","BriefLock private delivery","early-stage","internal","https://hardmagic.com/briefs/hybrid-ai-media-infrastructure/","strong"
"/products/studio/hybrid-inference/","Declared page intent; confirm against editorial brief.","Ready to move Review infrastructure needs Use the relevant intake or engagement route.","enterprise-cta-option","/contact/genai/","Qualified consultation intake","early-stage","internal","https://hardmagic.com/contact/genai/","strong"
"/products/studio/hybrid-inference/","Declared page intent; confirm against editorial brief.","Still framing the question Read the hybrid-infrastructure brief Continue through a relevant brief, insight, method, or product.","enterprise-cta-option","/briefs/hybrid-ai-media-infrastructure/","BriefLock private delivery","early-stage","internal","https://hardmagic.com/briefs/hybrid-ai-media-infrastructure/","strong"
"/products/studio/hybrid-inference/","Declared page intent; confirm against editorial brief.","Review infrastructure needs","button dark-button","/contact/genai/","Qualified consultation intake","primary","internal","https://hardmagic.com/contact/genai/","strong"
"/products/studio/image/","Declared page intent; confirm against editorial brief.","Enterprise advisory","header-cta","contact/","Qualified consultation intake","early-stage","internal","https://hardmagic.com/contact/","strong"
"/products/studio/image/","Declared page intent; confirm against editorial brief.","Ready to move Plan an image workflow Use the relevant intake or engagement route.","enterprise-cta-option","/contact/genai/","Qualified consultation intake","early-stage","internal","https://hardmagic.com/contact/genai/","strong"
"/products/studio/image/","Declared page intent; confirm against editorial brief.","Review direction principles ↗","text-link","/insights/creative-direction-after-model-abundance/","Research or method path","early-stage","internal","https://hardmagic.com/insights/creative-direction-after-model-abundance/","strong"
"/products/studio/image/","Declared page intent; confirm against editorial brief.","Still framing the question Review direction principles Continue through a relevant brief, insight, method, or product.","enterprise-cta-option","/insights/creative-direction-after-model-abundance/","Research or method path","early-stage","internal","https://hardmagic.com/insights/creative-direction-after-model-abundance/","strong"
"/products/studio/image/","Declared page intent; confirm against editorial brief.","Plan an image workflow","button dark-button","/contact/genai/","Qualified consultation intake","primary","internal","https://hardmagic.com/contact/genai/","strong"
"/products/studio/video/","Declared page intent; confirm against editorial brief.","Enterprise advisory","header-cta","contact/","Qualified consultation intake","early-stage","internal","https://hardmagic.com/contact/","strong"
"/products/studio/video/","Declared page intent; confirm against editorial brief.","Read the GenAI production essay ↗","text-link","/insights/from-prompting-to-production-systems/","Research or method path","early-stage","internal","https://hardmagic.com/insights/from-prompting-to-production-systems/","strong"
"/products/studio/video/","Declared page intent; confirm against editorial brief.","Ready to move Discuss video production Use the relevant intake or engagement route.","enterprise-cta-option","/contact/genai/","Qualified consultation intake","early-stage","internal","https://hardmagic.com/contact/genai/","strong"
"/products/studio/video/","Declared page intent; confirm against editorial brief.","Still framing the question Read the GenAI production essay Continue through a relevant brief, insight, method, or product.","enterprise-cta-option","/insights/from-prompting-to-production-systems/","Research or method path","early-stage","internal","https://hardmagic.com/insights/from-prompting-to-production-systems/","strong"
"/products/studio/video/","Declared page intent; confirm against editorial brief.","Discuss video production","button dark-button","/contact/genai/","Qualified consultation intake","primary","internal","https://hardmagic.com/contact/genai/","strong"
"/products/web-magic/","Declared page intent; confirm against editorial brief.","Enterprise advisory","header-cta","contact/","Qualified consultation intake","early-stage","internal","https://hardmagic.com/contact/","strong"
"/products/web-magic/","Declared page intent; confirm against editorial brief.","Talk with us","button dark-button","contact/","Qualified consultation intake","primary","internal","https://hardmagic.com/contact/","strong"
"/products/web-magic/accessibility/","Declared page intent; confirm against editorial brief.","Enterprise advisory","header-cta","contact/","Qualified consultation intake","early-stage","internal","https://hardmagic.com/contact/","strong"
"/products/web-magic/accessibility/","Declared page intent; confirm against editorial brief.","Ready to move Request a Web Magic accessibility audit Use the relevant intake or engagement route.","enterprise-cta-option","/contact/","Qualified consultation intake","early-stage","internal","https://hardmagic.com/contact/","strong"
"/products/web-magic/accessibility/","Declared page intent; confirm against editorial brief.","Still framing the question Use the accessibility method Continue through a relevant brief, insight, method, or product.","enterprise-cta-option","/methods/accessibility-as-editorial/","Research or method path","early-stage","internal","https://hardmagic.com/methods/accessibility-as-editorial/","strong"
"/products/web-magic/accessibility/","Declared page intent; confirm against editorial brief.","Use the accessibility method ↗","text-link","/methods/accessibility-as-editorial/","Research or method path","early-stage","internal","https://hardmagic.com/methods/accessibility-as-editorial/","strong"
"/products/web-magic/accessibility/","Declared page intent; confirm against editorial brief.","Request a Web Magic accessibility audit","button dark-button","/contact/","Qualified consultation intake","primary","internal","https://hardmagic.com/contact/","strong"
"/products/web-magic/delivery/","Declared page intent; confirm against editorial brief.","Enterprise advisory","header-cta","contact/","Qualified consultation intake","early-stage","internal","https://hardmagic.com/contact/","strong"
"/products/web-magic/delivery/","Declared page intent; confirm against editorial brief.","Ready to move Discuss Web Magic delivery gates Use the relevant intake or engagement route.","enterprise-cta-option","/contact/","Qualified consultation intake","early-stage","internal","https://hardmagic.com/contact/","strong"
"/products/web-magic/delivery/","Declared page intent; confirm against editorial brief.","Still framing the question Use the evidence loop Continue through a relevant brief, insight, method, or product.","enterprise-cta-option","/methods/evidence-loop/","Research or method path","early-stage","internal","https://hardmagic.com/methods/evidence-loop/","strong"
"/products/web-magic/delivery/","Declared page intent; confirm against editorial brief.","Use the evidence loop ↗","text-link","/methods/evidence-loop/","Research or method path","early-stage","internal","https://hardmagic.com/methods/evidence-loop/","strong"
"/products/web-magic/delivery/","Declared page intent; confirm against editorial brief.","Discuss Web Magic delivery gates","button dark-button","/contact/","Qualified consultation intake","primary","internal","https://hardmagic.com/contact/","strong"
"/products/web-magic/performance/","Declared page intent; confirm against editorial brief.","Enterprise advisory","header-cta","contact/","Qualified consultation intake","early-stage","internal","https://hardmagic.com/contact/","strong"
"/products/web-magic/performance/","Declared page intent; confirm against editorial brief.","Read the static-publishing essay ↗","text-link","/insights/static-websites-as-durable-media/","Research or method path","early-stage","internal","https://hardmagic.com/insights/static-websites-as-durable-media/","strong"
"/products/web-magic/performance/","Declared page intent; confirm against editorial brief.","Ready to move Discuss a Web Magic performance benchmark Use the relevant intake or engagement route.","enterprise-cta-option","/contact/","Qualified consultation intake","early-stage","internal","https://hardmagic.com/contact/","strong"
"/products/web-magic/performance/","Declared page intent; confirm against editorial brief.","Still framing the question Read the static-publishing essay Continue through a relevant brief, insight, method, or product.","enterprise-cta-option","/insights/static-websites-as-durable-media/","Research or method path","early-stage","internal","https://hardmagic.com/insights/static-websites-as-durable-media/","strong"
"/products/web-magic/performance/","Declared page intent; confirm against editorial brief.","Discuss a Web Magic performance benchmark","button dark-button","/contact/","Qualified consultation intake","primary","internal","https://hardmagic.com/contact/","strong"
"/products/web-magic/seo/","Declared page intent; confirm against editorial brief.","Enterprise advisory","header-cta","contact/","Qualified consultation intake","early-stage","internal","https://hardmagic.com/contact/","strong"
"/products/web-magic/seo/","Declared page intent; confirm against editorial brief.","Read the static-publishing essay ↗","text-link","/insights/static-websites-as-durable-media/","Research or method path","early-stage","internal","https://hardmagic.com/insights/static-websites-as-durable-media/","strong"
"/products/web-magic/seo/","Declared page intent; confirm against editorial brief.","Ready to move Discuss Web Magic search architecture Use the relevant intake or engagement route.","enterprise-cta-option","/contact/","Qualified consultation intake","early-stage","internal","https://hardmagic.com/contact/","strong"
"/products/web-magic/seo/","Declared page intent; confirm against editorial brief.","Still framing the question Read the static-publishing essay Continue through a relevant brief, insight, method, or product.","enterprise-cta-option","/insights/static-websites-as-durable-media/","Research or method path","early-stage","internal","https://hardmagic.com/insights/static-websites-as-durable-media/","strong"
"/products/web-magic/seo/","Declared page intent; confirm against editorial brief.","Discuss Web Magic search architecture","button dark-button","/contact/","Qualified consultation intake","primary","internal","https://hardmagic.com/contact/","strong"
"/products/wiremark/","Declared page intent; confirm against editorial brief.","Enterprise advisory","header-cta","contact/","Qualified consultation intake","early-stage","internal","https://hardmagic.com/contact/","strong"
"/products/wiremark/","Declared page intent; confirm against editorial brief.","Enter WireMark","button light","products/wiremark/","Product-qualified evaluation","primary","internal","https://hardmagic.com/products/wiremark/","strong"
"/products/wiremark/","Declared page intent; confirm against editorial brief.","Talk with us","button dark-button","contact/","Qualified consultation intake","primary","internal","https://hardmagic.com/contact/","strong"
"/products/wiremark/agent-handoff/","Declared page intent; confirm against editorial brief.","Enterprise advisory","header-cta","contact/","Qualified consultation intake","early-stage","internal","https://hardmagic.com/contact/","strong"
"/products/wiremark/agent-handoff/","Declared page intent; confirm against editorial brief.","Ready to move Pilot an agent workflow Use the relevant intake or engagement route.","enterprise-cta-option","/contact/genai/","Qualified consultation intake","early-stage","internal","https://hardmagic.com/contact/genai/","strong"
"/products/wiremark/agent-handoff/","Declared page intent; confirm against editorial brief.","Still framing the question Use the human-agent method Continue through a relevant brief, insight, method, or product.","enterprise-cta-option","/methods/human-agent-creative-loop/","Research or method path","early-stage","internal","https://hardmagic.com/methods/human-agent-creative-loop/","strong"
"/products/wiremark/agent-handoff/","Declared page intent; confirm against editorial brief.","Use the human-agent method ↗","text-link","/methods/human-agent-creative-loop/","Research or method path","early-stage","internal","https://hardmagic.com/methods/human-agent-creative-loop/","strong"
"/products/wiremark/agent-handoff/","Declared page intent; confirm against editorial brief.","Pilot an agent workflow","button dark-button","/contact/genai/","Qualified consultation intake","primary","internal","https://hardmagic.com/contact/genai/","strong"
"/products/wiremark/canvas/","Declared page intent; confirm against editorial brief.","Enterprise advisory","header-cta","contact/","Qualified consultation intake","early-stage","internal","https://hardmagic.com/contact/","strong"
"/products/wiremark/canvas/","Declared page intent; confirm against editorial brief.","Read the running-product essay ↗","text-link","/insights/the-running-product-is-the-brief/","Research or method path","early-stage","internal","https://hardmagic.com/insights/the-running-product-is-the-brief/","strong"
"/products/wiremark/canvas/","Declared page intent; confirm against editorial brief.","Ready to move Discuss a WireMark canvas pilot Use the relevant intake or engagement route.","enterprise-cta-option","/contact/","Qualified consultation intake","early-stage","internal","https://hardmagic.com/contact/","strong"
"/products/wiremark/canvas/","Declared page intent; confirm against editorial brief.","Still framing the question Read the running-product essay Continue through a relevant brief, insight, method, or product.","enterprise-cta-option","/insights/the-running-product-is-the-brief/","Research or method path","early-stage","internal","https://hardmagic.com/insights/the-running-product-is-the-brief/","strong"
"/products/wiremark/canvas/","Declared page intent; confirm against editorial brief.","Discuss a WireMark canvas pilot","button dark-button","/contact/","Qualified consultation intake","primary","internal","https://hardmagic.com/contact/","strong"
"/products/wiremark/privacy-provenance/","Declared page intent; confirm against editorial brief.","Enterprise advisory","header-cta","contact/","Qualified consultation intake","early-stage","internal","https://hardmagic.com/contact/","strong"
"/products/wiremark/privacy-provenance/","Declared page intent; confirm against editorial brief.","Read the provenance essay ↗","text-link","/insights/provenance-without-killing-creative-flow/","Research or method path","early-stage","internal","https://hardmagic.com/insights/provenance-without-killing-creative-flow/","strong"
"/products/wiremark/privacy-provenance/","Declared page intent; confirm against editorial brief.","Ready to move Discuss WireMark deployment Use the relevant intake or engagement route.","enterprise-cta-option","/contact/","Qualified consultation intake","early-stage","internal","https://hardmagic.com/contact/","strong"
"/products/wiremark/privacy-provenance/","Declared page intent; confirm against editorial brief.","Still framing the question Read the provenance essay Continue through a relevant brief, insight, method, or product.","enterprise-cta-option","/insights/provenance-without-killing-creative-flow/","Research or method path","early-stage","internal","https://hardmagic.com/insights/provenance-without-killing-creative-flow/","strong"
"/products/wiremark/privacy-provenance/","Declared page intent; confirm against editorial brief.","Discuss WireMark deployment","button dark-button","/contact/","Qualified consultation intake","primary","internal","https://hardmagic.com/contact/","strong"
"/products/wiremark/source-intelligence/","Declared page intent; confirm against editorial brief.","Enterprise advisory","header-cta","contact/","Qualified consultation intake","early-stage","internal","https://hardmagic.com/contact/","strong"
"/products/wiremark/source-intelligence/","Declared page intent; confirm against editorial brief.","Inspect the WireMark trace model ↗","text-link","/insights/the-running-product-is-the-brief/","Research or method path","early-stage","internal","https://hardmagic.com/insights/the-running-product-is-the-brief/","strong"
"/products/wiremark/source-intelligence/","Declared page intent; confirm against editorial brief.","Ready to move Discuss WireMark integration Use the relevant intake or engagement route.","enterprise-cta-option","/contact/","Qualified consultation intake","early-stage","internal","https://hardmagic.com/contact/","strong"
"/products/wiremark/source-intelligence/","Declared page intent; confirm against editorial brief.","Still framing the question Inspect the WireMark trace model Continue through a relevant brief, insight, method, or product.","enterprise-cta-option","/insights/the-running-product-is-the-brief/","Research or method path","early-stage","internal","https://hardmagic.com/insights/the-running-product-is-the-brief/","strong"
"/products/wiremark/source-intelligence/","Declared page intent; confirm against editorial brief.","Discuss WireMark integration","button dark-button","/contact/","Qualified consultation intake","primary","internal","https://hardmagic.com/contact/","strong"
"/responsible-ai/","Declared page intent; confirm against editorial brief.","Enterprise advisory","header-cta","contact/","Qualified consultation intake","early-stage","internal","https://hardmagic.com/contact/","strong"
"/responsible-ai/","Declared page intent; confirm against editorial brief.","Read the provenance supply-chain brief ↗","text-link","/briefs/provenance-ready-content-supply-chain/","BriefLock private delivery","early-stage","internal","https://hardmagic.com/briefs/provenance-ready-content-supply-chain/","strong"
"/responsible-ai/","Declared page intent; confirm against editorial brief.","Discuss governance","button dark-button","/contact/genai/","Qualified consultation intake","primary","internal","https://hardmagic.com/contact/genai/","strong"
"/security/","Declared page intent; confirm against editorial brief.","Enterprise advisory","header-cta","contact/","Qualified consultation intake","early-stage","internal","https://hardmagic.com/contact/","strong"
"/security/","Declared page intent; confirm against editorial brief.","Review CLI security controls ↗","text-link","/products/cli/security/","Product-qualified evaluation","early-stage","internal","https://hardmagic.com/products/cli/security/","strong"
"/security/","Declared page intent; confirm against editorial brief.","Report a vulnerability","button dark-button","/contact/","Qualified consultation intake","primary","internal","https://hardmagic.com/contact/","strong"
"/services/","Declared page intent; confirm against editorial brief.","Compare services ↗","text-link","/methods/","Research or method path","early-stage","internal","https://hardmagic.com/methods/","strong"
"/services/","Declared page intent; confirm against editorial brief.","Enterprise advisory","header-cta","contact/","Qualified consultation intake","early-stage","internal","https://hardmagic.com/contact/","strong"
"/services/","Declared page intent; confirm against editorial brief.","Ready to move Discuss an engagement Use the relevant intake or engagement route.","enterprise-cta-option","/contact/","Qualified consultation intake","early-stage","internal","https://hardmagic.com/contact/","strong"
"/services/","Declared page intent; confirm against editorial brief.","Still framing the question Compare services Continue through a relevant brief, insight, method, or product.","enterprise-cta-option","/methods/","Research or method path","early-stage","internal","https://hardmagic.com/methods/","strong"
"/services/","Declared page intent; confirm against editorial brief.","Discuss an engagement","button dark-button","/contact/","Qualified consultation intake","primary","internal","https://hardmagic.com/contact/","strong"
"/services/brand-systems/","Declared page intent; confirm against editorial brief.","Enterprise advisory","header-cta","contact/","Qualified consultation intake","early-stage","internal","https://hardmagic.com/contact/","strong"
"/services/brand-systems/","Declared page intent; confirm against editorial brief.","Ready to move Build a brand system Use the relevant intake or engagement route.","enterprise-cta-option","/engagements/fractional-creative-office/","Specific engagement solution","early-stage","internal","https://hardmagic.com/engagements/fractional-creative-office/","strong"
"/services/brand-systems/","Declared page intent; confirm against editorial brief.","Review brand-memory principles ↗","text-link","/methods/brand-memory/","Research or method path","early-stage","internal","https://hardmagic.com/methods/brand-memory/","strong"
"/services/brand-systems/","Declared page intent; confirm against editorial brief.","Still framing the question Review brand-memory principles Continue through a relevant brief, insight, method, or product.","enterprise-cta-option","/methods/brand-memory/","Research or method path","early-stage","internal","https://hardmagic.com/methods/brand-memory/","strong"
"/services/brand-systems/","Declared page intent; confirm against editorial brief.","Build a brand system","button dark-button","/engagements/fractional-creative-office/","Specific engagement solution","primary","internal","https://hardmagic.com/engagements/fractional-creative-office/","strong"
"/services/brand-systems/","Declared page intent; confirm against editorial brief.","Read Horizon 2035","button ghost","horizon/","Research or method path","primary","internal","https://hardmagic.com/horizon/","strong"
"/services/campaign-production/","Declared page intent; confirm against editorial brief.","Enterprise advisory","header-cta","contact/","Qualified consultation intake","early-stage","internal","https://hardmagic.com/contact/","strong"
"/services/campaign-production/","Declared page intent; confirm against editorial brief.","Explore Studio production ↗","text-link","/products/studio/","Product-qualified evaluation","early-stage","internal","https://hardmagic.com/products/studio/","strong"
"/services/campaign-production/","Declared page intent; confirm against editorial brief.","Ready to move Plan a campaign Use the relevant intake or engagement route.","enterprise-cta-option","/engagements/product-launch-room/","Specific engagement solution","early-stage","internal","https://hardmagic.com/engagements/product-launch-room/","strong"
"/services/campaign-production/","Declared page intent; confirm against editorial brief.","Still framing the question Explore Studio production Continue through a relevant brief, insight, method, or product.","enterprise-cta-option","/products/studio/","Product-qualified evaluation","early-stage","internal","https://hardmagic.com/products/studio/","strong"
"/services/campaign-production/","Declared page intent; confirm against editorial brief.","Plan a campaign","button dark-button","/engagements/product-launch-room/","Specific engagement solution","primary","internal","https://hardmagic.com/engagements/product-launch-room/","strong"
"/services/campaign-production/","Declared page intent; confirm against editorial brief.","Read Horizon 2035","button ghost","horizon/","Research or method path","primary","internal","https://hardmagic.com/horizon/","strong"
"/services/content-operations/","Declared page intent; confirm against editorial brief.","Audit the workflow ↗","text-link","/methods/evidence-loop/","Research or method path","early-stage","internal","https://hardmagic.com/methods/evidence-loop/","strong"
"/services/content-operations/","Declared page intent; confirm against editorial brief.","Enterprise advisory","header-cta","contact/","Qualified consultation intake","early-stage","internal","https://hardmagic.com/contact/","strong"
"/services/content-operations/","Declared page intent; confirm against editorial brief.","Ready to move Redesign content operations Use the relevant intake or engagement route.","enterprise-cta-option","/engagements/managed-media-desk/","Specific engagement solution","early-stage","internal","https://hardmagic.com/engagements/managed-media-desk/","strong"
"/services/content-operations/","Declared page intent; confirm against editorial brief.","Still framing the question Audit the workflow Continue through a relevant brief, insight, method, or product.","enterprise-cta-option","/methods/evidence-loop/","Research or method path","early-stage","internal","https://hardmagic.com/methods/evidence-loop/","strong"
"/services/content-operations/","Declared page intent; confirm against editorial brief.","Redesign content operations","button dark-button","/engagements/managed-media-desk/","Specific engagement solution","primary","internal","https://hardmagic.com/engagements/managed-media-desk/","strong"
"/services/creative-direction/","Declared page intent; confirm against editorial brief.","Enterprise advisory","header-cta","contact/","Qualified consultation intake","early-stage","internal","https://hardmagic.com/contact/","strong"
"/services/creative-direction/","Declared page intent; confirm against editorial brief.","Read the creative-direction brief ↗","text-link","/briefs/creative-direction-after-the-prompt/","BriefLock private delivery","early-stage","internal","https://hardmagic.com/briefs/creative-direction-after-the-prompt/","strong"
"/services/creative-direction/","Declared page intent; confirm against editorial brief.","Ready to move Request creative direction Use the relevant intake or engagement route.","enterprise-cta-option","/contact/creative-direction/","Qualified consultation intake","early-stage","internal","https://hardmagic.com/contact/creative-direction/","strong"
"/services/creative-direction/","Declared page intent; confirm against editorial brief.","Still framing the question Read the creative-direction brief Continue through a relevant brief, insight, method, or product.","enterprise-cta-option","/briefs/creative-direction-after-the-prompt/","BriefLock private delivery","early-stage","internal","https://hardmagic.com/briefs/creative-direction-after-the-prompt/","strong"
"/services/creative-direction/","Declared page intent; confirm against editorial brief.","Read Horizon 2035","button ghost","horizon/","Research or method path","primary","internal","https://hardmagic.com/horizon/","strong"
"/services/creative-direction/","Declared page intent; confirm against editorial brief.","Request creative direction","button dark-button","/contact/creative-direction/","Qualified consultation intake","primary","internal","https://hardmagic.com/contact/creative-direction/","strong"
"/services/creative-technology/","Declared page intent; confirm against editorial brief.","Enterprise advisory","header-cta","contact/","Qualified consultation intake","early-stage","internal","https://hardmagic.com/contact/","strong"
"/services/creative-technology/","Declared page intent; confirm against editorial brief.","Explore the products ↗","text-link","/products/","Product-qualified evaluation","early-stage","internal","https://hardmagic.com/products/","strong"
"/services/creative-technology/","Declared page intent; confirm against editorial brief.","Ready to move Propose a prototype Use the relevant intake or engagement route.","enterprise-cta-option","/engagements/transformation-sprint/","Specific engagement solution","early-stage","internal","https://hardmagic.com/engagements/transformation-sprint/","strong"
"/services/creative-technology/","Declared page intent; confirm against editorial brief.","Still framing the question Explore the products Continue through a relevant brief, insight, method, or product.","enterprise-cta-option","/products/","Product-qualified evaluation","early-stage","internal","https://hardmagic.com/products/","strong"
"/services/creative-technology/","Declared page intent; confirm against editorial brief.","Propose a prototype","button dark-button","/engagements/transformation-sprint/","Specific engagement solution","primary","internal","https://hardmagic.com/engagements/transformation-sprint/","strong"
"/services/executive-advisory/","Declared page intent; confirm against editorial brief.","Enterprise advisory","header-cta","contact/","Qualified consultation intake","early-stage","internal","https://hardmagic.com/contact/","strong"
"/services/executive-advisory/","Declared page intent; confirm against editorial brief.","Ready to move Request an advisory session Use the relevant intake or engagement route.","enterprise-cta-option","/contact/","Qualified consultation intake","early-stage","internal","https://hardmagic.com/contact/","strong"
"/services/executive-advisory/","Declared page intent; confirm against editorial brief.","Still framing the question Use the intent-to-system method Continue through a relevant brief, insight, method, or product.","enterprise-cta-option","/methods/intent-to-system/","Research or method path","early-stage","internal","https://hardmagic.com/methods/intent-to-system/","strong"
"/services/executive-advisory/","Declared page intent; confirm against editorial brief.","Use the intent-to-system method ↗","text-link","/methods/intent-to-system/","Research or method path","early-stage","internal","https://hardmagic.com/methods/intent-to-system/","strong"
"/services/executive-advisory/","Declared page intent; confirm against editorial brief.","Request an advisory session","button dark-button","/contact/","Qualified consultation intake","primary","internal","https://hardmagic.com/contact/","strong"
"/services/genai-strategy/","Declared page intent; confirm against editorial brief.","Enterprise advisory","header-cta","contact/","Qualified consultation intake","early-stage","internal","https://hardmagic.com/contact/","strong"
"/services/genai-strategy/","Declared page intent; confirm against editorial brief.","Read the GenAI operating brief ↗","text-link","/briefs/generative-media-operating-system/","BriefLock private delivery","early-stage","internal","https://hardmagic.com/briefs/generative-media-operating-system/","strong"
"/services/genai-strategy/","Declared page intent; confirm against editorial brief.","Ready to move Schedule a strategy session Use the relevant intake or engagement route.","enterprise-cta-option","/contact/genai/","Qualified consultation intake","early-stage","internal","https://hardmagic.com/contact/genai/","strong"
"/services/genai-strategy/","Declared page intent; confirm against editorial brief.","Still framing the question Read the GenAI operating brief Continue through a relevant brief, insight, method, or product.","enterprise-cta-option","/briefs/generative-media-operating-system/","BriefLock private delivery","early-stage","internal","https://hardmagic.com/briefs/generative-media-operating-system/","strong"
"/services/genai-strategy/","Declared page intent; confirm against editorial brief.","Schedule a strategy session","button dark-button","/contact/genai/","Qualified consultation intake","primary","internal","https://hardmagic.com/contact/genai/","strong"
"/services/marketing-consulting/","Declared page intent; confirm against editorial brief.","Enterprise advisory","header-cta","contact/","Qualified consultation intake","early-stage","internal","https://hardmagic.com/contact/","strong"
"/services/marketing-consulting/","Declared page intent; confirm against editorial brief.","Read the marketing-operations essay ↗","text-link","/insights/marketing-operations-for-small-expert-teams/","Research or method path","early-stage","internal","https://hardmagic.com/insights/marketing-operations-for-small-expert-teams/","strong"
"/services/marketing-consulting/","Declared page intent; confirm against editorial brief.","Ready to move Discuss marketing direction Use the relevant intake or engagement route.","enterprise-cta-option","/contact/marketing-consulting/","Qualified consultation intake","early-stage","internal","https://hardmagic.com/contact/marketing-consulting/","strong"
"/services/marketing-consulting/","Declared page intent; confirm against editorial brief.","Still framing the question Read the marketing-operations essay Continue through a relevant brief, insight, method, or product.","enterprise-cta-option","/insights/marketing-operations-for-small-expert-teams/","Research or method path","early-stage","internal","https://hardmagic.com/insights/marketing-operations-for-small-expert-teams/","strong"
"/services/marketing-consulting/","Declared page intent; confirm against editorial brief.","Discuss marketing direction","button dark-button","/contact/marketing-consulting/","Qualified consultation intake","primary","internal","https://hardmagic.com/contact/marketing-consulting/","strong"
"/services/marketing-consulting/","Declared page intent; confirm against editorial brief.","Read Horizon 2035","button ghost","horizon/","Research or method path","primary","internal","https://hardmagic.com/horizon/","strong"
"/services/media-management/","Declared page intent; confirm against editorial brief.","Enterprise advisory","header-cta","contact/","Qualified consultation intake","early-stage","internal","https://hardmagic.com/contact/","strong"
"/services/media-management/","Declared page intent; confirm against editorial brief.","Read the media asset-estate brief ↗","text-link","/briefs/intelligent-media-asset-estate/","BriefLock private delivery","early-stage","internal","https://hardmagic.com/briefs/intelligent-media-asset-estate/","strong"
"/services/media-management/","Declared page intent; confirm against editorial brief.","Ready to move Assess a media estate Use the relevant intake or engagement route.","enterprise-cta-option","/contact/media-management/","Qualified consultation intake","early-stage","internal","https://hardmagic.com/contact/media-management/","strong"
"/services/media-management/","Declared page intent; confirm against editorial brief.","Still framing the question Read the media asset-estate brief Continue through a relevant brief, insight, method, or product.","enterprise-cta-option","/briefs/intelligent-media-asset-estate/","BriefLock private delivery","early-stage","internal","https://hardmagic.com/briefs/intelligent-media-asset-estate/","strong"
"/services/media-management/","Declared page intent; confirm against editorial brief.","Assess a media estate","button dark-button","/contact/media-management/","Qualified consultation intake","primary","internal","https://hardmagic.com/contact/media-management/","strong"
"/services/web-experience/","Declared page intent; confirm against editorial brief.","Enterprise advisory","header-cta","contact/","Qualified consultation intake","early-stage","internal","https://hardmagic.com/contact/","strong"
"/services/web-experience/","Declared page intent; confirm against editorial brief.","Read the static-publishing essay ↗","text-link","/insights/static-websites-as-durable-media/","Research or method path","early-stage","internal","https://hardmagic.com/insights/static-websites-as-durable-media/","strong"
"/services/web-experience/","Declared page intent; confirm against editorial brief.","Ready to move Discuss a web program Use the relevant intake or engagement route.","enterprise-cta-option","/contact/","Qualified consultation intake","early-stage","internal","https://hardmagic.com/contact/","strong"
"/services/web-experience/","Declared page intent; confirm against editorial brief.","Still framing the question Read the static-publishing essay Continue through a relevant brief, insight, method, or product.","enterprise-cta-option","/insights/static-websites-as-durable-media/","Research or method path","early-stage","internal","https://hardmagic.com/insights/static-websites-as-durable-media/","strong"
"/services/web-experience/","Declared page intent; confirm against editorial brief.","Discuss a web program","button dark-button","/contact/","Qualified consultation intake","primary","internal","https://hardmagic.com/contact/","strong"
"/sitemap/","Declared page intent; confirm against editorial brief.","Browse the methods ↗","text-link","/methods/","Research or method path","early-stage","internal","https://hardmagic.com/methods/","strong"
"/sitemap/","Declared page intent; confirm against editorial brief.","Enterprise advisory","header-cta","contact/","Qualified consultation intake","early-stage","internal","https://hardmagic.com/contact/","strong"
"/sitemap/","Declared page intent; confirm against editorial brief.","Open a route","button dark-button","/contact/","Qualified consultation intake","primary","internal","https://hardmagic.com/contact/","strong"
"/terms/","Declared page intent; confirm against editorial brief.","Enterprise advisory","header-cta","contact/","Qualified consultation intake","early-stage","internal","https://hardmagic.com/contact/","strong"
"/terms/","Declared page intent; confirm against editorial brief.","Return to company ↗","text-link","/company/","Company context","early-stage","internal","https://hardmagic.com/company/","strong"
"/terms/","Declared page intent; confirm against editorial brief.","Contact legal","button dark-button","/contact/","Qualified consultation intake","primary","internal","https://hardmagic.com/contact/","strong"
